GEOID20,District
27137000585,87
27137000940,87
27137000065,87
27137000942,87
27049000085,46
27049000050,46
27157000075,46
27157000065,46
27157000025,46
27157000160,46
27157000105,46
27157000060,46
27157000110,122
27157000010,46
27157000005,46
27049000015,46
27157000050,122
27157000165,122
27157000090,122
27157000020,122
27109000045,122
27109000050,72
27109000230,122
27017000180,69
27017000140,69
27017000170,69
27017000070,69
27017000118,69
27017000165,69
27137000805,62
27137000920,62
27137000600,62
27137000570,62
27137000085,62
27137000750,48
27137000540,62
27137000857,62
27137000130,48
27061000135,14
27061000350,14
27137000440,48
27137001155,48
27137000031,62
27137000120,48
27137000960,48
27137001135,48
27137000475,48
27137000060,48
27137001136,48
27137000055,48
27137000881,48
27137000470,48
27137001035,87
27137001000,87
27137000885,87
27071000175,87
27137000133,87
27137001002,87
27045000195,92
27045000025,92
27045000110,92
27045000065,92
27045000040,92
27045000060,92
27045000190,92
27045000075,92
27045000095,92
27045000045,92
27045000130,92
27109000075,122
27109000030,122
27109000040,122
27109000035,122
27055000080,92
27055000075,92
27169000015,75
27169000010,75
27169000080,75
27157000015,122
27157000030,46
27157000035,122
27157000155,122
27157000070,46
27157000115,46
27169000220,75
27169000215,75
27137000895,62
27137000315,18
27137000305,18
27137000605,62
27137000595,62
27137000770,62
27137000160,4
27137000155,4
27137000140,4
27137000565,62
27137000910,62
27137001130,48
27137000735,87
27137001125,87
27137000035,87
27075000065,87
27075000135,87
27137000437,87
27099000130,92
27045000015,92
27099000010,100
27045000020,92
27137000066,87
27137000976,87
27137000815,87
27045000165,92
27045000175,92
27045000180,92
27099000175,92
27109000055,64
27099000170,92
27109000225,64
27109000090,122
27109000065,122
27109000104,34
27031000040,87
27031000005,87
27097000080,116
27097000035,116
27097000110,116
27097000180,116
27097000185,116
27097000090,116
27097000140,125
27097000100,125
27097000115,116
27097000200,116
27097000095,116
27095000020,116
27095000060,116
27095000100,125
27095000090,116
27095000095,116
27095000120,116
27095000115,83
27095000010,125
27065000005,116
27095000065,116
27095000055,116
27095000125,116
27095000050,116
27065000050,116
27065000045,116
27147000060,58
27147000145,58
27107000065,114
27107000100,114
27107000165,114
27097000010,116
27097000205,116
27097000015,125
27097000005,125
27097000030,125
27097000085,116
27097000050,116
27107000010,114
27107000015,114
27107000115,114
27107000045,114
27107000095,114
27107000130,114
27027000060,114
27027000065,114
27027000070,111
27107000025,114
27027000250,111
27027000220,111
27027000270,111
27107000105,114
27027000235,111
27027000225,111
27027000140,111
27027000150,111
27119000375,114
27119000025,114
27119000405,114
27119000260,114
27027000085,111
27027000090,111
27027000050,111
27119000180,114
27119000395,114
27119000295,114
27119000435,114
27119000045,114
27097000055,116
27091000025,132
27043000120,132
27043000070,29
27043000065,29
27027000025,111
27027000055,111
27097000175,116
27097000195,116
27097000160,116
27097000230,125
27097000225,125
27097000045,116
27153000115,129
27153000175,129
27153000030,129
27153000090,129
27153000135,129
27153000185,129
27153000040,129
27153000100,129
27153000060,129
27153000050,129
27153000150,129
27153000035,129
27041000170,109
27111000125,70
27153000195,129
27153000110,129
27121000060,120
27145000225,120
27041000135,70
27111000345,70
27041000035,109
27041000030,109
27041000145,109
27041000055,109
27041000160,109
27041000130,70
27041000110,70
27111000135,70
27011000080,120
27011000085,120
27011000025,120
27011000005,120
27011000075,120
27011000015,120
27011000090,120
27011000010,120
27011000035,120
27119000105,114
27119000230,114
27119000365,114
27119000020,114
27125000045,114
27113000070,8
27119000175,114
27119000010,114
27011000060,120
27011000055,120
27011000050,120
27155000060,78
27089000055,8
27119000035,114
27113000010,8
27119000265,114
27113000065,8
27089000265,8
27089000195,8
27089000030,8
27149000020,120
27149000100,120
27149000085,120
27155000020,78
27155000027,78
27155000040,78
27155000025,78
27155000035,78
27155000045,78
27155000015,78
27155000055,78
27051000070,78
27149000035,120
27051000040,78
27155000065,78
27167000100,78
27167000075,78
27167000015,78
27027000125,111
27027000145,111
27167000110,78
27027000005,111
27167000120,78
27167000105,78
27155000075,78
27167000060,78
27167000025,78
27167000055,78
27167000065,78
27167000020,78
27155000070,78
27167000070,78
27167000115,78
27167000140,78
27167000095,78
27167000130,78
27167000113,78
27051000090,78
27051000095,78
27111000420,78
27111000390,78
27051000035,78
27051000060,78
27051000085,78
27111000450,78
27149000040,120
27033000125,54
27041000125,70
27111000265,70
27111000430,70
27041000090,70
27051000110,78
27051000025,78
27051000115,78
27111000005,78
27051000015,78
27041000120,70
27041000140,70
27041000115,70
27111000120,70
27041000045,70
27155000085,78
27155000090,78
27041000065,70
27121000100,120
27121000105,120
27121000150,120
27155000080,78
27089000095,8
27089000145,8
27089000290,8
27089000300,8
27089000130,8
27089000025,8
27069000165,8
27155000095,78
27155000050,78
27115000150,69
27115000165,69
27115000145,69
27115000010,80
27115000235,80
27115000050,69
27115000095,80
27115000070,80
27115000045,69
27069000005,8
27069000085,8
27069000030,8
27069000115,8
27069000055,8
27069000125,8
27069000120,8
27069000092,8
27069000050,8
27069000060,8
27069000045,8
27115000240,69
27115000120,69
27115000170,80
27115000215,80
27115000155,69
27115000015,80
27137000445,48
27137000935,14
27115000090,80
27115000207,80
27115000125,80
27115000210,80
27115000085,80
27115000080,69
27115000025,69
27115000075,80
27115000190,80
27069000105,8
27069000010,8
27069000118,8
27069000015,8
27133000090,54
27001000205,116
27115000030,80
27001000155,116
27001000220,116
27001000225,116
27065000065,80
27065000030,116
27001000082,116
27071000180,87
27071000190,87
27001000075,116
27001000115,116
27095000030,116
27001000090,116
27001000140,14
27001000185,116
27001000060,116
27001000215,116
27035000150,108
27035000260,116
27021000230,108
27021000255,108
27021000245,17
27021000150,108
27021000312,108
27021000275,108
27035000250,116
27035000210,116
27035000225,108
27035000090,116
27035000200,116
27035000075,108
27035000215,108
27051000105,78
27011000100,120
27155000030,78
27155000005,78
27023000040,105
27023000070,105
27011000095,120
27041000060,70
27135000122,8
27135000135,8
27051000005,78
27155000010,78
27011000030,120
27011000045,120
27009000045,125
27065000085,116
27115000035,80
27065000090,80
27025000035,68
27025000060,80
27025000070,80
27115000110,80
27115000195,80
27115000055,80
27115000135,80
27115000140,80
27135000120,8
27135000010,8
27135000185,8
27115000020,80
27115000060,80
27115000005,80
27115000160,80
27167000085,78
27167000010,78
27167000005,78
27167000145,78
27027000255,111
27111000300,78
27111000310,78
27111000040,78
27111000085,78
27111000205,78
27111000175,78
27111000115,70
27111000270,70
27027000130,111
27027000245,111
27027000110,111
27027000035,111
27027000135,111
27027000100,114
27107000120,114
27111000080,78
27135000095,8
27089000070,8
27135000035,8
27111000275,70
27111000065,70
27111000295,70
27111000325,70
27111000225,70
27111000215,70
27111000440,70
27005000175,17
27029000070,17
27005000095,17
27029000140,17
27107000085,114
27107000050,114
27107000135,114
27107000145,114
27107000140,114
27107000040,114
27107000160,114
27119000325,114
27119000360,114
27119000245,114
27119000225,114
27119000310,114
27119000165,114
27119000015,114
27119000320,114
27125000035,114
27125000100,114
27125000087,114
27125000080,114
27113000005,8
27125000065,114
27125000070,114
27125000085,114
27125000030,114
27125000010,114
27125000090,114
27113000080,8
27113000100,8
27089000260,8
27089000085,8
27113000075,8
27007000140,106
27029000056,106
27007000202,106
27007000100,106
27111000150,70
27111000340,70
27111000455,70
27111000255,70
27111000305,70
27111000025,70
27111000335,70
27153000015,129
27153000055,129
27153000170,129
27159000120,129
27153000005,129
27159000010,129
27153000070,129
27089000220,8
27089000185,8
27089000125,8
27057000022,59
27057000080,59
27057000145,59
27057000105,59
27057000085,59
27057000060,59
27153000140,129
27153000065,129
27159000085,129
27153000165,129
27159000090,129
27021000020,129
27089000230,8
27097000220,129
27153000180,129
27021000220,59
27021000070,129
27021000005,59
27021000265,129
27021000175,129
27021000100,59
27035000130,116
27071000195,87
27007000280,106
27007000290,106
27089000190,8
27089000180,8
27011000031,120
27011000020,120
27069000065,8
27069000080,8
27089000140,8
27089000010,8
27089000020,8
27089000155,8
27089000285,8
27089000235,8
27089000250,8
27089000035,8
27089000100,8
27089000065,8
27119000040,114
27089000275,8
27089000040,8
27119000005,114
27119000355,114
27119000170,114
27119000270,114
27119000400,114
27089000015,8
27107000090,114
27119000190,114
27119000300,114
27119000420,114
27089000270,8
27089000170,8
27107000075,114
27107000060,114
27119000440,114
27119000385,114
27119000280,114
27107000055,114
27107000070,114
27027000240,111
27027000080,111
27167000155,78
27167000150,78
27027000030,111
27167000090,78
27167000050,78
27167000035,78
27167000030,78
27167000040,78
27167000072,78
27027000075,111
27027000214,5
27027000170,5
27027000217,5
27027000205,5
27027000212,5
27027000160,5
27027000157,111
27027000040,111
27027000190,5
27027000210,5
27027000195,5
27027000185,5
27027000180,5
27027000175,5
27107000110,114
27119000285,114
27119000110,114
27119000120,114
27119000130,114
27119000415,114
27119000345,114
27119000055,114
27119000330,114
27119000140,114
27119000240,114
27119000205,114
27119000200,114
27119000150,114
27089000200,8
27119000380,114
27119000350,114
27107000125,114
27107000005,114
27119000185,114
27119000085,114
27119000075,114
27119000065,114
27119000080,114
27119000070,114
27119000090,114
27069000185,8
27069000155,8
27069000090,8
27069000175,8
27069000170,8
27069000180,8
27069000160,8
27069000110,8
27069000070,8
27069000150,8
27069000145,8
27089000205,8
27089000060,8
27069000095,8
27069000075,8
27069000020,8
27069000130,8
27069000140,8
27069000040,8
27069000135,8
27089000215,8
27069000025,8
27069000035,8
27089000225,8
27069000100,8
27109000060,64
27109000152,72
27109000142,72
27101000040,54
27101000045,54
27101000010,54
27033000100,54
27033000090,54
27081000085,54
27081000075,54
27081000005,54
27117000040,54
27117000100,54
27117000055,54
27117000035,54
27117000005,54
27033000120,54
27063000125,35
27063000130,35
27063000105,35
27049000125,46
27109000130,34
27109000013,72
27109000200,72
27109000144,72
27109000208,34
27109000150,72
27109000146,72
27109000148,72
27109000198,101
27081000045,54
27081000080,54
27101000020,54
27101000050,54
27097000125,116
27097000130,116
27097000120,116
27009000040,125
27009000030,125
27145000035,57
27097000245,125
27145000405,57
27009000060,125
27145000410,57
27009000025,125
27145000235,107
27145000255,113
27145000160,107
27145000125,107
27093000100,26
27171000090,26
27093000055,110
27093000050,110
27053000215,133
27053000220,133
27053000210,133
27053000305,133
27147000030,58
27161000010,94
27131000070,94
27131000125,94
27161000115,58
27161000100,58
27161000105,58
27161000085,58
27161000030,94
27139000075,1
27139000040,1
27161000065,58
27161000005,94
27161000045,94
27161000035,94
27079000015,71
27079000030,71
27013000090,71
27171000135,26
27171000115,26
27171000085,26
27171000190,26
27093000020,110
27085000095,110
27085000055,110
27085000070,110
27085000075,110
27085000060,110
27109000206,72
27109000172,101
27109000194,101
27109000196,101
27085000080,110
27085000040,110
27085000050,110
27085000065,119
27085000120,110
27085000010,119
27085000020,110
27085000140,110
27085000110,110
27143000030,119
27143000095,119
27079000120,71
27139000015,71
27143000110,119
27013000150,117
27013000160,117
27013000165,117
27079000045,85
27103000110,85
27103000135,85
27103000005,85
27103000085,85
27013000225,132
27143000105,119
27143000080,119
27143000015,119
27143000120,119
27143000005,119
27103000010,85
27013000045,132
27013000065,132
27073000020,102
27073000080,102
27073000040,102
27073000075,102
27101000105,54
27101000130,54
27101000110,54
27101000085,54
27013000015,43
27013000080,132
27015000065,43
27083000010,102
27083000140,102
27083000090,102
27083000030,102
27083000155,102
27101000120,54
27101000125,54
27147000055,58
27147000105,58
27147000120,58
27147000115,58
27109000168,34
27109000160,101
27109000178,101
27109000184,72
27109000166,34
27109000162,101
27109000154,101
27109000176,101
27109000174,101
27109000158,101
27109000164,34
27109000122,101
27109000114,64
27109000126,34
27109000128,34
27109000124,101
27109000134,34
27109000112,34
27109000110,34
27109000132,34
27109000136,34
27081000100,54
27081000025,54
27117000120,54
27117000010,54
27147000100,58
27147000085,58
27147000130,58
27147000075,58
27099000125,92
27109000220,64
27109000005,64
27109000215,64
27083000075,102
27083000160,102
27101000035,54
27101000070,54
27083000130,102
27099000165,100
27083000170,102
27083000005,102
27127000155,43
27127000035,43
27101000046,54
27039000060,64
27039000051,64
27039000010,64
27039000007,64
27039000075,64
27039000052,64
27165000030,132
27165000060,132
27165000050,132
27039000080,64
27039000005,64
27099000135,100
27039000030,64
27039000032,64
27039000020,64
27039000070,64
27099000215,100
27099000210,100
27039000090,64
27039000015,64
27147000005,29
27147000040,58
27147000155,29
27147000150,29
27047000125,29
27047000190,100
27147000045,29
27161000060,29
27161000055,29
27147000010,29
27047000140,29
27161000015,29
27161000110,29
27161000025,29
27013000030,132
27013000210,132
27013000215,132
27013000010,132
27043000135,29
27043000100,29
27047000175,29
27013000200,132
27013000205,132
27013000085,132
27013000250,132
27043000105,29
27013000050,132
27013000260,132
27013000235,132
27013000255,132
27013000025,132
27043000165,132
27013000220,132
27091000140,132
27165000010,132
27091000010,132
27091000210,132
27091000155,132
27043000090,132
27091000175,132
27091000095,132
27165000040,132
27109000085,72
27109000182,101
27165000090,132
27165000085,132
27091000195,132
27165000135,132
27091000200,132
27097000020,125
27097000240,125
27145000115,57
27097000065,125
27145000025,107
27145000027,107
27165000110,35
27165000125,35
27165000065,35
27091000165,132
27091000110,35
27165000045,35
27145000110,109
27145000165,109
27145000180,109
27145000170,109
27145000430,109
27145000050,107
27145000055,107
27145000020,107
27145000445,107
27145000045,107
27145000150,107
27093000075,105
27145000070,107
27145000190,107
27093000070,110
27093000045,110
27091000145,132
27109000186,72
27109000010,72
27039000055,64
27039000050,64
27091000070,132
27091000080,132
27091000055,132
27093000065,110
27131000035,94
27131000030,94
27131000130,94
27131000010,94
27147000070,58
27147000090,58
27085000005,110
27147000025,58
27147000065,58
27165000095,35
27165000020,35
27165000005,35
27091000005,35
27033000070,54
27033000095,54
27165000075,35
27165000015,35
27085000025,110
27085000105,110
27085000125,110
27143000025,119
27143000020,110
27129000015,105
27129000005,105
27129000130,105
27129000145,105
27103000035,85
27103000040,85
27103000145,85
27143000100,119
27103000025,85
27015000050,43
27015000070,43
27103000115,85
27015000030,43
27015000080,43
27015000085,43
27015000115,43
27015000055,43
27015000130,43
27015000045,43
27015000005,43
27129000045,105
27129000180,105
27165000035,132
27015000075,43
27015000060,43
27015000125,43
27165000025,35
27015000010,43
27037004310,98
27037004810,98
27037001410,98
27039000035,64
27067000045,105
27067000080,25
27015000160,43
27033000030,54
27015000025,43
27157000170,122
27091000125,132
27091000180,132
27063000115,35
27091000130,132
27015000120,43
27127000160,43
27033000040,54
27033000045,54
27049000075,94
27049000070,94
27049000080,94
27039000025,64
27039000085,64
27127000030,43
27127000125,43
27033000005,54
27033000047,54
27033000055,54
27127000065,43
27127000060,43
27033000060,54
27127000210,43
27033000115,54
27033000015,54
27127000095,43
27033000110,54
27033000105,35
27033000010,54
27033000035,54
27033000050,35
27063000135,35
27117000110,54
27117000075,54
27117000020,54
27117000060,54
27117000030,54
27117000045,54
27117000050,54
27133000020,54
27117000015,54
27117000125,54
27133000005,54
27101000095,54
27101000065,54
27101000140,54
27105000020,35
27101000080,54
27101000015,54
27101000100,54
27101000135,54
27063000085,35
27063000045,35
27063000090,35
27063000050,35
27063000025,35
27063000040,35
27063000120,35
27063000100,35
27105000035,35
27105000050,35
27105000070,35
27105000010,35
27105000015,35
27105000065,35
27105000055,54
27105000095,54
27063000005,35
27105000060,35
27105000125,35
27105000100,35
27105000166,35
27105000115,35
27105000045,54
27133000015,54
27133000035,54
27105000190,35
27105000150,35
27133000045,54
27133000077,54
27133000085,54
27105000170,35
27105000186,35
27133000110,54
27133000115,54
27133000050,54
27105000135,54
27133000080,54
27105000090,54
27101000055,54
27101000025,54
27105000145,54
27101000030,54
27105000085,54
27133000030,54
27133000025,54
27105000130,35
27105000040,35
27105000080,54
27133000105,54
27133000100,54
27105000110,35
27105000030,35
27105000120,35
27105000075,54
27105000105,54
27101000115,54
27101000090,54
27133000075,54
27105000005,54
27117000070,54
27117000025,54
27117000115,54
27133000095,54
27133000055,54
27133000065,54
27133000040,54
27117000065,54
27133000060,54
27133000070,54
27133000010,54
27117000080,54
27105000155,35
27101000005,54
27101000060,54
27101000075,54
27105000140,54
27105000165,35
27105000160,35
27105000185,35
27105000025,35
27105000175,35
27105000180,35
27091000015,132
27091000135,132
27091000160,132
27091000100,35
27063000150,35
27063000030,35
27063000015,35
27063000060,35
27063000035,35
27091000105,132
27091000120,132
27091000170,132
27091000030,35
27063000080,35
27091000020,132
27063000010,35
27091000040,132
27091000035,132
27033000065,35
27033000025,54
27063000020,35
27063000055,35
27063000140,35
27063000110,35
27063000070,35
27033000145,35
27063000095,35
27033000135,35
27033000130,35
27033000140,35
27063000145,35
27033000020,35
27091000150,35
27165000080,35
27165000070,35
27091000185,35
27091000085,132
27091000050,132
27091000065,132
27041000105,109
27041000100,109
27121000110,109
27127000150,43
27173000030,102
27173000025,102
27173000135,102
27127000055,43
27127000165,43
27127000005,43
27129000165,105
27129000090,105
27129000175,105
27023000015,105
27023000055,105
27073000160,102
27067000145,25
27067000065,25
27067000040,25
27067000170,25
27067000155,25
27067000235,25
27073000165,102
27073000140,102
27023000035,105
27023000045,105
27023000020,105
27023000120,105
27067000055,25
27067000075,25
27023000065,105
27151000140,120
27151000105,120
27023000005,105
27151000150,120
27041000050,109
27041000025,109
27041000175,70
27121000080,109
27041000085,109
27129000160,105
27067000100,105
27127000185,43
27127000190,43
27127000180,43
27127000040,43
27121000055,120
27121000045,120
27067000175,25
27067000030,25
27023000060,105
27151000135,120
27121000085,120
27121000050,120
27121000095,120
27023000025,102
27127000200,43
27151000065,120
27121000015,120
27127000050,43
27127000015,43
27127000220,43
27127000070,43
27041000015,109
27041000010,109
27067000200,25
27067000230,25
27129000185,105
27129000110,105
27067000015,25
27041000070,109
27041000027,109
27067000025,25
27067000085,25
27067000220,25
27023000110,105
27067000050,25
27067000060,25
27067000135,25
27023000050,105
27023000135,105
27023000100,105
27127000215,43
27073000150,102
27067000070,25
27067000150,25
27093000005,105
27067000010,25
27093000140,105
27073000110,102
27073000085,102
27073000125,102
27073000045,102
27041000007,109
27127000130,43
27093000085,105
27173000090,102
27173000165,102
27129000155,105
27129000065,105
27129000055,105
27127000175,43
27151000095,120
27121000040,120
27121000115,120
27121000010,120
27121000025,120
27023000105,105
27083000185,102
27173000145,102
27151000030,120
27073000095,102
27073000070,102
27067000090,105
27067000035,105
27129000140,105
27129000035,105
27093000040,110
27073000015,102
27073000010,102
27073000060,102
27073000065,102
27093000030,105
27093000035,105
27093000080,105
27149000045,120
27149000095,120
27083000025,102
27121000020,120
27121000075,120
27041000150,109
27041000155,109
27041000005,109
27121000030,120
27121000135,120
27151000120,120
27067000105,25
27067000125,25
27151000075,120
27151000100,120
27151000040,120
27151000045,120
27121000065,120
27151000055,120
27151000060,120
27129000070,105
27023000010,105
27151000035,120
27093000130,105
27073000035,102
27023000125,105
27023000115,105
27041000075,70
27173000085,102
27145000010,107
27093000090,105
27093000110,105
27073000005,102
27011000070,120
27093000120,105
27011000086,120
27151000090,120
27151000115,120
27023000075,105
27083000150,102
27083000045,102
27081000070,54
27081000065,54
27083000135,102
27073000155,102
27073000030,102
27173000100,102
27173000045,102
27173000130,102
27173000080,102
27173000075,102
27173000140,102
27083000180,102
27173000020,102
27173000150,102
27083000020,102
27083000065,102
27083000145,102
27081000015,54
27081000050,54
27173000120,102
27083000085,102
27173000070,102
27083000035,102
27083000060,102
27083000125,102
27173000155,102
27173000115,102
27173000005,102
27081000030,54
27173000040,102
27083000165,102
27173000105,102
27173000125,102
27173000050,102
27173000095,102
27081000090,54
27081000040,54
27081000035,54
27083000070,102
27083000040,102
27083000015,102
27173000035,102
27073000115,102
27083000055,102
27081000020,54
27081000010,54
27081000060,54
27081000095,54
27081000055,54
27117000105,54
27173000010,102
27173000065,102
27173000110,102
27073000145,102
27073000130,102
27073000135,102
27073000120,102
27083000080,102
27083000105,102
27083000095,102
27127000075,43
27083000050,102
27083000115,102
27023000090,105
27023000130,105
27173000160,102
27023000032,105
27041000165,70
27041000095,70
27051000065,78
27121000125,120
27121000090,120
27151000025,120
27151000070,120
27151000110,120
27051000020,78
27051000100,78
27051000080,78
27051000030,78
27051000055,78
27149000110,120
27149000030,120
27051000075,78
27151000085,120
27149000090,120
27149000025,120
27149000055,120
27149000005,120
27149000115,120
27149000060,120
27151000080,120
27149000015,120
27149000010,120
27149000105,120
27151000010,120
27151000125,120
27149000065,120
27149000072,120
27149000073,120
27151000005,120
27011000065,120
27011000056,120
27151000130,120
27051000010,78
27073000090,102
27011000040,120
27073000025,102
27051000045,78
27151000145,120
27151000020,120
27151000015,120
27151000050,120
27149000050,120
27149000075,120
27149000080,120
27149000081,120
27149000076,120
27051000050,78
27121000035,120
27041000040,70
27127000145,43
27127000090,43
27129000120,105
27129000115,105
27143000085,110
27015000100,43
27015000095,43
27143000045,119
27129000030,105
27129000100,105
27067000095,105
27129000025,105
27129000020,105
27015000150,43
27015000015,43
27143000050,110
27127000010,43
27127000140,43
27129000075,105
27127000110,43
27127000115,43
27127000045,43
27127000105,43
27127000120,43
27127000170,43
27127000085,43
27127000080,43
27129000010,105
27129000080,105
27129000105,105
27129000170,105
27129000050,105
27129000135,105
27015000135,43
27015000035,43
27129000085,105
27015000040,43
27015000155,43
27015000020,43
27127000135,43
27127000195,43
27127000205,43
27127000020,43
27015000145,43
27129000125,105
27067000130,25
27129000060,105
27127000025,43
27015000110,43
27015000090,43
27015000140,43
27015000105,43
27093000015,105
27129000150,105
27129000040,105
27093000025,105
27093000010,105
27129000095,105
27085000135,110
27097000060,125
27145000420,109
27145000015,109
27153000190,129
27153000105,129
27145000140,120
27145000137,120
27145000135,120
27145000435,120
27067000020,25
27145000434,120
27145000105,109
27145000130,107
27145000005,107
27145000065,120
27067000140,25
27145000400,120
27145000090,107
27145000205,120
27145000120,57
27153000020,129
27067000115,25
27067000120,25
27153000025,129
27153000126,129
27153000120,129
27153000155,129
27145000200,120
27067000160,25
27145000185,120
27145000404,120
27145000095,120
27145000195,120
27153000075,129
27153000145,129
27145000060,120
27121000005,120
27067000202,25
27145000450,120
27145000080,120
27121000145,109
27121000070,120
27121000120,120
27067000165,25
27121000140,109
27067000005,25
27145000030,120
27067000110,25
27067000195,25
27067000190,25
27067000205,25
27067000210,25
27067000215,25
27067000180,25
27067000185,25
27067000225,25
27145000040,120
27121000022,120
27153000188,129
27041000020,109
27121000130,109
27145000245,107
27145000215,107
27145000210,107
27093000135,105
27093000145,105
27145000192,107
27145000230,107
27145000399,120
27093000105,105
27093000115,105
27093000060,105
27145000075,107
27093000125,105
27093000150,105
27145000250,107
27097000250,125
27153000085,129
27153000045,129
27097000070,116
27097000235,125
27153000173,129
27153000080,129
27047000180,100
27047000080,29
27047000075,29
27047000150,100
27047000060,29
27047000210,29
27047000090,29
27047000050,29
27047000045,29
27047000205,29
27047000170,29
27047000130,29
27047000115,29
27047000035,29
27099000140,100
27099000145,100
27099000160,100
27047000110,29
27047000025,29
27147000035,29
27043000025,132
27043000010,132
27043000015,132
27043000075,29
27043000085,29
27043000130,29
27043000035,29
27043000140,132
27047000195,29
27047000220,29
27043000030,29
27047000070,29
27043000115,29
27043000145,29
27043000020,132
27043000080,29
27043000150,29
27043000095,29
27043000155,29
27043000040,29
27043000055,29
27043000005,29
27043000060,29
27047000100,29
27043000110,29
27013000212,132
27047000085,29
27047000095,29
27043000050,132
27043000045,132
27043000125,132
27043000160,132
27013000005,132
27091000115,132
27047000165,29
27047000015,29
27161000070,29
27161000050,29
27047000065,29
27047000135,29
27047000105,29
27161000075,29
27047000005,29
27047000061,29
27047000010,29
27047000160,100
27047000145,100
27047000155,29
27047000185,100
27047000200,100
27099000070,100
27099000120,100
27099000205,100
27099000220,100
27099000185,100
27099000155,100
27099000055,100
27099000180,100
27099000095,100
27099000080,100
27099000195,100
27099000190,100
27039000045,64
27039000040,64
27099000005,100
27099000085,100
27099000100,100
27099000090,100
27099000115,100
27099000200,100
27099000075,92
27147000015,100
27147000020,100
27047000120,29
27099000035,100
27099000025,100
27099000050,100
27099000020,100
27099000015,100
27099000030,100
27099000150,100
27099000110,100
27099000105,92
27045000120,92
27109000118,64
27109000116,64
27109000108,34
27109000066,34
27109000170,34
27109000213,64
27109000096,34
27109000098,34
27109000156,101
27109000100,34
27109000212,34
27109000211,34
27123001600,77
27123001610,77
27123001660,81
27123000620,121
27123000030,134
27123000450,77
27123000440,77
27123000010,134
27139000070,50
27139000037,50
27131000140,1
27131000142,1
27131000055,1
27123001680,81
27123001670,81
27037002510,98
27037002410,98
27123001730,81
27123001740,81
27123000080,81
27123001780,81
27131000020,71
27131000150,1
27131000060,1
27131000145,94
27123000340,49
27123000020,134
27123000320,134
27053000020,93
27123001760,81
27123001750,81
27123000190,9
27123000200,9
27123000420,9
27037001220,104
27037001230,104
27123000360,134
27123000365,134
27037001750,27
27037001740,27
27037001720,27
27037001760,30
27131000135,94
27079000055,71
27079000050,71
27003001720,23
27003001620,23
27003001715,23
27003000830,49
27123000345,49
27003001710,23
27123001720,81
27003001610,23
27037001310,39
27037001370,39
27139000025,50
27037002960,50
27037001360,39
27163000350,96
27049000155,46
27049000185,46
27053000315,56
27053000355,56
27053000362,56
27053000360,56
27163000230,65
27163000225,65
27163000235,65
27163000095,28
27163000200,28
27163000250,65
27163000275,65
27163000055,61
27163000060,61
27053000350,56
27037002110,50
27037002940,50
27037002950,50
27049000030,46
27037001610,46
27163000145,28
27163000165,28
27163000160,28
27171000185,26
27019000140,119
27053001150,76
27003001810,23
27003001815,23
27171000075,26
27171000145,26
27053002695,26
27019000090,41
27019000119,41
27003001605,23
27003001415,99
27003000305,11
27003001410,99
27003000320,11
27003001320,47
27003001205,47
27003001210,99
27003001020,47
27163000320,96
27163000325,96
27163000330,96
27003001405,99
27003001120,99
27003001115,99
27003001005,47
27003001010,99
27003001105,99
27053002675,90
27053002655,90
27053001535,130
27003001110,99
27003000045,99
27003000515,118
27003000520,118
27053001555,55
27053001570,55
27053001585,55
27053001565,55
27003001705,23
27003003110,23
27003003115,23
27003003105,23
27037001350,39
27037001330,39
27037001280,39
27053000990,90
27053000985,90
27025000105,82
27025000020,82
27163000215,96
27037002310,98
27131000005,1
27131000015,1
27053002770,49
27053002765,49
27123000530,49
27131000025,94
27053001170,76
27053001350,76
27053000510,76
27053001355,76
27171000180,26
27019000085,119
27171000100,26
27171000120,26
27085000145,119
27085000150,119
27131000120,94
27131000155,94
27171000175,110
27171000060,110
27003001615,23
27003001820,23
27053001760,40
27053001675,103
27053001645,103
27053001650,103
27123000310,134
27003000840,23
27037002710,31
27003000325,11
27123001650,23
27123000300,134
27053001445,67
27123001030,126
27123001050,126
27123001060,126
27123001020,22
27053000107,93
27053000940,24
27053002580,128
27053000935,24
27053002585,128
27053002575,128
27131000040,94
27139000091,74
27139000097,74
27003000530,118
27003001930,118
27003000020,32
27059000065,68
27059000045,68
27059000025,68
27059000070,68
27171000055,110
27065000020,80
27003000035,21
27003000030,21
27053000205,133
27053001530,130
27003001905,21
27053000200,133
27053001510,130
27003002505,21
27003002515,21
27147000050,58
27003001915,21
27003001510,21
27003001515,21
27053001520,130
27053001505,130
27139000118,104
27139000112,104
27139000111,104
27053001400,37
27053001360,37
27139000110,104
27139000116,104
27139000105,104
27065000010,80
27065000060,80
27123001640,134
27123000050,134
27053002605,128
27053002610,128
27053000920,24
27053001995,63
27053002010,63
27053002015,63
27053000070,13
27053000065,13
27053000045,13
27053000040,13
27053000025,13
27019000055,3
27019000050,3
27019000038,3
27019000036,3
27003000335,11
27095000045,125
27095000085,116
27065000055,125
27065000100,125
27003000340,11
27123001630,134
27003002210,123
27003000905,118
27053001980,63
27053001975,63
27053001970,63
27053002020,63
27003002225,123
27059000010,68
27059000075,83
27059000005,21
27003003010,83
27003003005,83
27003002510,2
27141000050,2
27141000070,83
27141000150,83
27003000005,32
27003002610,32
27003000010,32
27003002805,32
27003002810,32
27003001015,47
27003001310,47
27003001305,47
27003001315,47
27053000375,56
27053000335,56
27053000370,56
27053000455,66
27053000460,66
27053000450,66
27053000330,56
27053000310,52
27053000300,133
27053000415,52
27053000405,52
27053000410,52
27053000395,52
27053001200,12
27053000650,66
27053001305,12
27053002385,52
27053001270,12
27053001245,12
27053001235,12
27003002405,2
27053001210,12
27053000640,66
27053001295,76
27053001220,76
27053001215,76
27053001285,76
27053001280,76
27053002710,66
27095000110,83
27053000500,76
27053000505,76
27171000156,38
27053001080,38
27053002715,66
27171000155,38
27171000096,38
27171000095,38
27141000020,79
27141000120,79
27141000121,79
27141000022,79
27171000035,45
27171000020,45
27171000030,45
27053002400,73
27053002420,73
27163000210,96
27163000305,96
27143000010,119
27053002405,97
27053001300,12
27003002235,123
27003002220,123
27003002230,123
27003000205,83
27003001505,21
27059000057,83
27053001965,63
27053001960,63
27053002005,63
27053001827,63
27053001817,63
27059000040,68
27059000037,68
27065000035,80
27171000110,45
27171000050,26
27171000065,26
27171000160,45
27171000010,26
27065000070,80
27003000605,123
27171000170,26
27145000085,107
27065000025,80
27065000105,80
27053000105,13
27053000945,24
27053000915,24
27053000910,24
27093000095,26
27053000930,24
27053000880,86
27053000855,86
27053000230,133
27053000400,52
27053000585,88
27053000397,52
27053002645,90
27053002665,90
27053000590,88
27053002330,88
27053002300,88
27053002310,88
27053000567,88
27053002315,88
27053000870,24
27053002825,86
27053002810,86
27053002805,36
27053002790,36
27053001000,90
27053002855,36
27053001025,90
27053002860,36
27053002120,53
27053002145,53
27053002320,88
27053001255,12
27053002490,97
27053001260,12
27053001250,12
27053002510,97
27053002505,97
27053002485,97
27079000005,71
27079000010,71
27079000115,71
27079000062,71
27079000020,71
27079000105,71
27139000010,71
27079000100,71
27079000035,71
27139000160,74
27139000020,1
27139000090,74
27139000125,131
27053000785,20
27079000085,71
27139000100,74
27079000065,71
27019000135,119
27053002780,33
27053002247,33
27013000095,71
27013000055,71
27079000125,71
27019000120,41
27019000130,41
27019000125,41
27019000095,41
27019000010,119
27019000150,119
27143000115,119
27019000080,119
27019000005,41
27143000075,119
27143000035,119
27103000055,85
27143000040,119
27139000099,71
27019000110,119
27139000055,74
27139000050,74
27103000045,85
27143000060,119
27019000065,41
27143000090,119
27143000065,119
27143000070,119
27079000075,71
27079000110,71
27139000005,71
27013000195,85
27013000075,85
27013000175,85
27103000080,85
27103000095,85
27103000030,85
27103000140,85
27013000155,117
27013000142,117
27013000020,43
27103000020,85
27103000015,85
27103000065,85
27103000090,85
27103000100,85
27103000130,85
27103000120,85
27103000125,85
27079000040,85
27079000087,85
27103000060,85
27013000230,71
27013000135,117
27013000145,117
27013000130,117
27013000125,117
27103000070,85
27013000140,117
27103000075,85
27103000050,85
27013000115,117
27013000120,117
27013000240,117
27013000100,85
27013000106,117
27013000110,117
27013000105,85
27143000082,119
27019000100,119
27085000030,110
27085000035,110
27085000115,119
27019000105,119
27085000015,110
27085000100,119
27085000130,110
27019000075,119
27143000055,119
27079000130,71
27079000140,71
27079000025,71
27079000090,71
27161000020,94
27161000090,58
27131000065,94
27161000080,58
27161000095,58
27053000675,53
27053000680,53
27053002910,53
27053002925,53
27053000780,20
27053000775,20
27053002230,33
27053002360,33
27053002355,33
27053001065,33
27053000965,33
27053002730,33
27053002900,33
27019000020,3
27053000690,127
27053000750,20
27053000765,20
27053000760,20
27019000037,3
27019000025,3
27019000035,3
27019000030,3
27053000720,127
27053002095,127
27053000770,20
27053000745,20
27053000050,13
27053000106,13
27053000071,13
27053000055,13
27053000060,13
27053000485,127
27139000113,104
27019000117,41
27053000695,127
27053002195,127
27053000735,20
27139000150,131
27139000138,131
27139000157,74
27053002845,36
27139000119,131
27139000120,131
27053000905,24
27139000136,131
27019000070,119
27139000135,131
27139000060,74
27053002370,33
27053001160,33
27053002155,53
27053002125,53
27053002150,53
27019000015,119
27019000072,119
27053001335,76
27053002240,33
27053002725,33
27053002248,33
27053002720,33
27019000112,3
27019000115,41
27053002430,73
27053002425,73
27053002255,33
27053002250,33
27053002265,33
27053002260,33
27053002365,33
27053002755,33
27139000084,74
27139000080,74
27139000092,74
27139000093,74
27139000094,74
27139000145,131
27139000137,131
27053002090,127
27053002210,127
27053002165,53
27053002160,53
27053000705,127
27053002190,127
27053000700,127
27053002795,36
27053002470,97
27053002865,36
27053002445,73
27053001115,86
27053001110,86
27053001130,86
27053002500,97
27053002495,97
27053002295,88
27053002290,88
27053001020,90
27053000555,88
27053000557,88
27053002205,127
27053002200,127
27053000565,88
27053001010,90
27053002135,53
27053002835,36
27053002840,36
27053001015,90
27053001125,86
27053002100,127
27053001120,86
27053000885,86
27053000900,24
27053002450,73
27053002455,73
27053002415,97
27053002440,73
27053002410,73
27053000710,127
27053000715,127
27053002435,73
27053000850,86
27053000875,86
27053000925,24
27053000860,86
27053001005,90
27053002335,88
27053000575,88
27053000577,88
27053000570,88
27095000025,125
27097000105,125
27097000155,125
27141000005,83
27059000060,83
27059000080,68
27059000030,125
27095000105,125
27095000080,125
27095000075,125
27095000040,83
27141000030,83
27141000125,83
27141000085,83
27145000305,51
27145000145,57
27145000419,57
27171000130,45
27171000127,45
27171000125,45
27141000010,79
27009000035,125
27145000416,57
27145000310,51
27145000440,113
27009000050,125
27095000035,125
27009000111,57
27009000095,57
27145000320,51
27145000295,51
27009000110,57
27145000360,113
27009000115,57
27009000105,57
27009000100,57
27009000112,57
27141000090,51
27009000056,57
27097000025,125
27097000170,125
27009000005,125
27145000443,113
27145000307,51
27009000010,125
27009000020,125
27141000130,2
27141000135,2
27141000055,2
27141000015,79
27171000025,45
27171000031,45
27009000090,125
27145000155,107
27141000075,79
27145000415,57
27145000417,57
27145000418,57
27145000414,57
27097000215,125
27009000067,125
27009000070,51
27141000100,51
27009000113,51
27141000080,79
27141000040,79
27141000035,79
27171000045,26
27145000042,107
27171000105,45
27171000015,26
27171000111,45
27171000165,26
27145000275,113
27145000355,113
27145000441,113
27145000345,113
27145000285,113
27145000350,113
27145000290,113
27145000317,51
27145000335,51
27145000340,51
27145000280,51
27141000095,51
27009000080,51
27145000312,51
27145000260,113
27145000315,51
27097000165,125
27097000075,125
27009000120,125
27009000015,125
27141000140,2
27141000060,2
27003002410,2
27141000045,2
27141000025,79
27053000645,66
27003000130,47
27003002910,32
27141000024,79
27141000145,2
27141000111,83
27141000110,83
27141000122,79
27141000155,83
27003002605,32
27171000005,38
27053001225,76
27171000007,38
27003000105,47
27003000110,47
27003000120,47
27003002710,32
27003002905,32
27053001190,12
27003000125,47
27053001230,12
27003002705,32
27171000070,66
27171000142,2
27053001195,12
27095000015,125
27095000005,125
27095000070,125
27065000080,125
27049000145,46
27049000140,46
27049000160,46
27049000035,94
27049000195,94
27131000075,94
27049000065,46
27049000205,46
27049000180,46
27037004110,98
27037003210,98
27049000200,98
27049000090,46
27049000115,46
27049000175,98
27037004010,98
27037003910,98
27049000060,46
27049000045,46
27049000110,46
27049000215,122
27049000220,122
27049000010,46
27049000190,94
27049000020,46
27049000025,46
27037002990,16
27037003000,16
27037002920,50
27049000170,122
27039000065,64
27163000315,96
27163000270,96
27163000310,96
27163000030,115
27163000345,96
27163000340,96
27163000360,115
27049000130,46
27163000020,115
27163000015,115
27163000010,115
27163000005,115
27163000190,115
27163000180,115
27163000185,115
27163000280,115
27037002750,31
27037002610,61
27037003510,46
27037004710,98
27037003710,61
27163000065,61
27037003610,98
27037004610,98
27037002910,50
27037002930,50
27037001755,27
27037002210,98
27037002010,98
27037002220,98
27037002240,98
27037002250,98
27131000095,1
27131000090,1
27049000040,98
27131000012,98
27147000135,58
27131000085,1
27131000105,1
27037003810,1
27131000080,1
27131000113,1
27131000114,1
27037002660,61
27163000040,115
27123001470,10
27123001430,10
27123001080,22
27123001070,22
27123001000,22
27053000110,93
27053000975,128
27123000820,95
27123000780,95
27037001510,98
27037004270,42
27037002730,31
27053000125,93
27053000131,93
27053000130,93
27037002720,31
27037001870,30
27037001730,30
27037002740,31
27037002760,31
27037002770,124
27037004980,31
27037004920,31
27037004430,124
27037004420,124
27037003420,30
27037003410,31
27037004450,124
27123000760,95
27037004410,124
27037004440,124
27163000285,124
27163000445,60
27053000120,93
27053000005,93
27123001230,84
27163000220,124
27123001550,10
27123001460,10
27123001450,10
27123001690,81
27123000110,9
27123000120,9
27037004510,31
27123000240,91
27123001500,10
27123001530,10
27123001520,10
27163000135,124
27163000295,124
27163000300,124
27163000290,124
27163000395,91
27123000810,95
27123000800,95
27037003450,30
27053000115,93
27037001210,27
27037003070,16
27037003060,16
27037001150,7
27037003440,30
27037001780,30
27037001770,30
27037001850,30
27123001330,44
27123001300,44
27123001360,44
27123001320,44
27123001310,44
27123001480,10
27123001440,44
27037004240,42
27037004210,42
27123000880,15
27123000940,15
27037003310,30
27123001380,44
27123000150,9
27123000140,9
27123000170,9
27123000180,9
27037004940,95
27037001790,27
27037001300,27
27053002590,128
27053000132,93
27123000130,9
27123001290,84
27037001830,30
27037001765,30
27037001100,42
27037004230,42
27037001070,7
27123000400,9
27037003080,16
27037001110,42
27037001080,7
27037001090,42
27037002260,98
27037002230,98
27037001800,27
27037003040,16
27037001050,7
27037001140,7
27037001060,7
27037001010,7
27037001020,7
27037001040,7
27037003050,16
27037003010,16
27037003020,16
27037001240,39
27053000010,93
27053000015,93
27037001320,39
27123001100,22
27123000060,22
27123000070,22
27123001130,121
27123001120,22
27123001010,22
27123001140,121
27123001110,22
27037004950,31
27123000640,121
27123000570,121
27123000560,121
27123001180,84
27053001825,63
27053001815,63
27053001830,63
27053001820,63
27123000430,77
27053001845,19
27053001640,19
27053001635,19
27053001790,19
27053001755,40
27123001170,84
27053001885,112
27053001770,40
27053001415,67
27053001956,67
27053001920,67
27053001915,67
27053001955,112
27053001935,112
27053001930,112
27123000860,15
27053001910,67
27053001905,67
27053001456,67
27053001410,67
27053001655,103
27053001805,103
27053001590,130
27053001525,130
27053001515,130
27053001840,19
27053001835,19
27053001690,19
27053001665,103
27053001680,103
27053001642,19
27053001502,55
27053001490,55
27053001620,103
27053001500,55
27053001605,67
27053001610,67
27053001460,6
27053001425,6
27053001455,6
27123000630,121
27123001220,121
27123001190,84
27053001375,37
27053001370,37
27053001430,6
27053001390,37
27123000090,22
27053001405,37
27003000810,49
27003000805,49
27053001365,37
27123000330,49
27123000490,77
27123000520,77
27123000460,77
27123000890,15
27123000840,15
27123000870,15
27123000930,15
27123000920,15
27123000910,15
27123000900,126
27123001040,126
27123001090,126
27123000950,126
27123000540,126
27053001985,63
27053001865,112
27053001880,112
27053002615,128
27053001735,40
27053001780,40
27053001710,40
27053001715,40
27053002595,128
27053002600,128
27053001940,67
27053001730,40
27053001705,19
27053001700,19
27053001850,19
27053001860,112
27053001725,19
27053001957,112
27053001785,67
27003002005,23
27003000825,49
27003000815,49
27053001575,55
27053001495,55
27053001380,37
27053001504,6
27053001501,37
27053001395,37
27053001485,37
27053001385,37
27123000335,49
27037003430,30
27123000690,126
27123000700,15
27123000710,126
27123000600,126
27123000790,95
27037004970,95
27123000580,121
27123000730,15
27123000680,126
27123000650,126
27123000660,126
27123000500,77
27123000100,9
27123001580,77
27123000770,95
27163000140,61
27037002620,61
27037002630,61
27037002640,61
27037002645,61
27037002635,61
27037002650,61
27123000160,9
27123001510,10
27123001370,44
27163000380,91
27163000405,91
27163000260,65
27123001400,44
27163000195,65
27163000385,91
27123000250,91
27163000400,91
27163000420,60
27163000390,91
27123001490,10
27123001540,10
27123001770,81
27163000245,65
27163000415,60
27163000435,60
27163000450,60
27163000425,60
27163000410,91
27123000210,65
27163000430,60
27163000240,65
27163000255,65
27123001390,44
27163000205,28
27163000370,28
27123000410,65
27123000390,65
27123001765,81
27163000365,81
27163000035,81
27109000080,72
27109000088,122
27049000005,46
27109000140,72
27049000105,122
27157000085,122
27157000080,122
27049000210,122
27049000100,122
27049000055,46
27157000040,122
27109000204,72
27109000202,101
27065000015,80
27059000015,68
27115000205,80
27059000020,68
27059000050,68
27025000067,68
27025000095,82
27025000005,82
27025000025,82
27025000015,82
27025000030,82
27025000055,82
27025000040,82
27059000035,68
27025000050,82
27059000022,68
27115000065,80
27025000100,82
27025000085,82
27115000200,80
27115000185,80
27025000080,82
27025000086,82
27115000105,80
27003002205,123
27163000155,28
27003002310,21
27003001925,118
27003002305,21
27163000115,96
27059000055,68
27003002215,123
27025000090,82
27003000330,11
27003002105,11
27003000440,11
27003000315,11
27003000525,118
27003000510,118
27003000410,11
27003000505,118
27003000425,11
27003000430,11
27003000310,11
27053000365,56
27163000125,28
27163000110,28
27163000150,28
27115000100,80
27115000175,80
27065000095,80
27115000040,80
27065000040,80
27077000070,106
27007000275,106
27077000035,106
27077000030,106
27137001160,87
27071000075,87
27021000200,17
27021000237,17
27021000118,17
27021000045,17
27021000135,17
27021000110,17
27021000290,108
27089000120,8
27089000090,8
27089000005,8
27089000075,8
27089000150,8
27089000045,8
27089000050,8
27021000317,17
27021000188,17
27021000105,17
27021000025,17
27061000375,17
27071000070,87
27071000185,87
27071000140,87
27071000083,87
27071000170,87
27071000023,87
27061000345,17
27061000265,87
27061000125,17
27061000310,17
27061000380,87
27061000205,17
27061000235,87
27061000290,87
27061000055,14
27061000327,14
27061000005,87
27061000015,87
27071000115,87
27077000065,106
27113000040,8
27113000015,8
27089000105,8
27113000030,8
27089000165,8
27113000020,8
27061000220,87
27021000280,108
27113000115,8
27113000025,8
27119000160,114
27119000255,114
27077000044,106
27077000005,106
27089000175,8
27021000140,59
27021000125,59
27021000170,59
27021000300,59
27137000979,48
27137000915,48
27137000050,87
27071000005,87
27061000070,87
27035000180,89
27035000280,108
27035000140,108
27021000015,59
27021000215,108
27035000100,108
27035000245,108
27035000120,108
27035000265,108
27021000315,59
27035000175,89
27021000095,59
27135000028,8
27087000095,17
27087000075,17
27087000050,17
27087000070,17
27087000080,17
27113000045,8
27113000105,8
27097000210,129
27021000160,59
27159000060,59
27137001011,87
27137000780,87
27113000060,8
27113000195,8
27113000110,8
27007000155,106
27007000230,106
27135000085,8
27007000225,106
27035000135,116
27077000015,106
27077000046,106
27077000045,106
27007000215,106
27021000210,59
27021000205,59
27035000275,116
27035000080,89
27007000120,17
27007000210,17
27007000300,17
27007000110,17
27007000240,17
27007000085,17
27035000008,89
27021000080,59
27021000035,59
27021000225,59
27035000006,89
27021000120,59
27035000240,89
27035000220,89
27035000190,89
27113000055,8
27113000090,8
27113000150,8
27007000180,106
27007000105,17
27007000135,17
27007000055,17
27007000200,106
27007000010,106
27021000285,17
27029000110,17
27089000135,8
27089000255,8
27007000045,106
27089000110,8
27089000245,8
27135000100,8
27137000775,14
27137000795,48
27007000160,17
27007000285,17
27007000050,17
27007000165,106
27021000262,17
27007000250,17
27035000295,89
27089000080,8
27089000210,8
27035000095,89
27113000180,8
27113000085,8
27087000055,17
27107000155,114
27107000020,114
27107000035,114
27107000030,114
27119000235,114
27107000080,114
27087000030,17
27087000065,17
27087000045,17
27005000190,59
27005000160,17
27087000090,17
27005000082,17
27005000115,59
27005000210,17
27005000215,59
27005000120,59
27005000090,59
27111000075,70
27029000025,17
27029000060,17
27029000075,106
27029000005,17
27005000145,17
27111000245,70
27111000230,70
27005000020,59
27005000195,59
27119000275,114
27119000030,114
27087000085,17
27087000025,17
27057000135,59
27057000095,59
27057000155,59
27057000010,59
27087000040,17
27029000040,17
27029000085,17
27029000095,17
27087000035,17
27119000060,114
27119000315,114
27005000230,17
27005000030,17
27029000030,17
27029000125,106
27007000060,106
27007000205,106
27057000075,17
27057000150,59
27057000065,59
27057000015,59
27057000025,59
27057000122,59
27057000040,17
27057000125,17
27007000115,106
27007000090,106
27029000105,17
27029000035,17
27057000130,17
27057000045,17
27029000100,106
27029000015,106
27125000040,114
27029000010,17
27029000090,17
27029000065,17
27007000145,106
27007000150,106
27007000260,106
27029000050,106
27029000020,106
27111000370,70
27111000050,70
27005000125,111
27005000140,111
27111000330,70
27005000185,59
27029000135,17
27111000385,70
27111000365,70
27111000260,70
27005000155,59
27005000035,59
27111000235,70
27111000240,70
27111000010,70
27029000055,106
27113000035,8
27005000105,59
27057000050,17
27111000100,70
27111000045,70
27005000205,59
27057000100,59
27057000097,17
27057000052,17
27021000145,17
27021000310,17
27111000070,70
27111000285,70
27111000290,70
27111000250,70
27005000200,17
27005000165,17
27021000252,17
27021000250,17
27005000045,111
27005000005,111
27005000110,111
27021000305,17
27021000190,17
27057000137,17
27021000065,59
27021000060,59
27029000120,17
27005000015,111
27005000010,111
27111000395,78
27005000040,111
27005000135,111
27005000130,111
27027000020,111
27027000015,111
27027000010,111
27167000125,78
27111000015,78
27027000230,111
27027000265,114
27027000095,111
27111000405,70
27111000425,70
27111000165,70
27111000280,70
27111000400,70
27111000110,70
27111000435,70
27111000350,78
27111000130,70
27111000090,70
27111000360,70
27111000320,70
27111000160,78
27111000355,78
27005000075,111
27005000065,111
27005000051,111
27005000050,111
27005000170,111
27005000052,111
27005000085,59
27005000025,17
27005000150,17
27111000315,78
27111000415,78
27111000145,78
27111000210,78
27111000185,78
27111000155,78
27111000055,78
27167000135,78
27111000380,78
27111000200,78
27111000195,78
27111000140,78
27167000080,78
27111000190,78
27111000186,78
27111000180,78
27111000170,78
27027000045,111
27027000105,111
27027000115,111
27005000225,111
27027000120,111
27027000260,114
27111000020,70
27111000060,70
27111000375,70
27111000105,70
27005000100,59
27005000055,111
27119000455,114
27125000060,114
27125000015,114
27125000025,114
27119000450,114
27119000445,114
27119000305,114
27119000410,114
27119000335,114
27119000390,114
27029000130,106
27119000290,114
27029000045,106
27125000005,114
27113000050,8
27125000020,114
27087000005,17
27087000015,17
27119000050,114
27119000430,114
27125000050,114
27119000220,114
27087000060,17
27087000020,17
27125000095,114
27119000370,114
27119000340,114
27087000010,17
27119000195,114
27107000150,114
27113000095,8
27113000135,8
27113000155,8
27113000165,8
27113000125,8
27125000055,114
27125000075,114
27113000120,8
27119000210,114
27119000250,114
27159000040,59
27159000080,59
27111000035,70
27159000025,59
27057000070,59
27057000030,59
27057000115,59
27005000180,59
27159000015,59
27021000185,59
27005000240,59
27097000145,129
27021000187,129
27159000070,129
27159000065,59
27159000075,129
27159000055,59
27159000125,129
27159000035,59
27159000050,59
27159000045,59
27159000005,129
27021000115,59
27057000110,59
27057000020,59
27021000165,59
27021000090,59
27159000095,129
27111000095,70
27111000030,70
27159000032,129
27159000100,129
27159000030,129
27111000445,70
27159000105,129
27159000110,129
27153000010,129
27153000095,129
27057000120,59
27005000235,59
27057000140,59
27057000152,59
27153000160,129
27097000150,129
27021000195,129
27057000005,59
27021000010,59
27007000170,106
27007000185,17
27007000265,17
27007000095,17
27007000080,17
27007000235,17
27007000255,17
27007000245,17
27007000005,106
27007000195,106
27007000035,106
27007000025,106
27007000020,106
27007000030,106
27007000032,106
27007000015,106
27029000080,17
27057000055,17
27007000175,17
27029000115,17
27007000190,106
27007000065,17
27007000172,106
27007000075,106
27007000130,106
27007000220,106
27007000295,106
27057000090,17
27007000040,106
27057000035,17
27021000075,17
27057000037,17
27135000176,8
27135000025,8
27135000121,8
27135000020,8
27135000050,8
27135000055,8
27135000160,8
27077000050,106
27077000031,106
27135000115,8
27077000040,106
27135000195,8
27135000145,8
27135000105,8
27135000065,8
27135000180,8
27135000030,8
27135000070,8
27135000080,8
27135000125,8
27135000040,8
27135000083,8
27135000140,8
27089000240,8
27089000160,8
27089000166,8
27089000295,8
27135000175,8
27135000060,8
27135000015,8
27135000190,8
27135000045,8
27135000075,8
27135000165,8
27135000130,8
27089000115,8
27135000110,8
27135000005,8
27135000170,8
27135000155,8
27135000090,8
27135000150,8
27077000075,106
27077000055,106
27077000080,106
27077000010,106
27077000020,106
27061000355,14
27061000010,14
27061000200,108
27001000015,14
27061000305,14
27061000120,14
27061000360,14
27001000240,14
27061000365,14
27061000130,14
27021000270,108
27021000235,108
27001000175,14
27001000195,14
27001000100,14
27001000035,14
27021000130,17
27021000240,17
27021000055,17
27137000090,14
27017000100,69
27017000025,69
27137000530,14
27137000525,14
27001000170,116
27001000145,116
27001000135,116
27001000050,116
27137001030,14
27061000140,108
27061000145,108
27061000245,87
27001000085,116
27001000038,116
27001000045,14
27001000080,14
27035000195,108
27001000260,14
27001000132,116
27001000160,116
27001000180,116
27001000230,14
27061000060,14
27061000339,14
27061000320,108
27061000340,108
27001000285,14
27001000130,14
27001000070,14
27001000210,14
27001000110,14
27061000338,14
27061000230,14
27061000151,108
27061000155,108
27001000105,14
27001000200,14
27001000290,14
27137000950,48
27137000510,48
27001000125,14
27061000244,14
27137000970,48
27061000030,108
27061000020,17
27021000247,17
27021000295,17
27137000800,48
27137000799,48
27061000076,87
27137000810,48
27137000999,87
27137000135,69
27137000845,48
27137000855,48
27017000065,69
27017000055,69
27137000973,48
27137000040,48
27061000040,87
27137000635,14
27137000545,48
27137000945,14
27137000645,14
27061000260,87
27061000215,14
27137000625,14
27061000285,14
27061000370,17
27061000271,17
27061000240,14
27061000184,14
27061000247,14
27001000095,116
27061000035,14
27035000055,89
27035000235,89
27021000040,108
27021000050,17
27035000125,108
27035000115,108
27021000085,108
27021000030,108
27021000260,108
27035000145,108
27035000010,108
27035000110,108
27001000040,116
27035000255,108
27001000010,116
27035000060,89
27035000290,108
27001000005,116
27035000105,108
27001000255,14
27035000170,108
27035000160,108
27035000285,108
27035000165,108
27035000016,89
27035000082,89
27035000185,89
27035000040,89
27035000042,108
27035000005,89
27035000007,89
27035000020,89
27035000015,89
27035000025,89
27035000050,89
27035000035,89
27035000085,108
27035000065,108
27035000205,108
27021000155,17
27001000065,14
27001000150,14
27061000255,17
27061000295,17
27061000330,17
27061000175,87
27061000300,87
27061000335,87
27061000050,87
27061000045,87
27061000110,87
27061000090,14
27061000065,17
27061000249,87
27071000100,87
27061000095,17
27061000385,14
27061000100,14
27017000035,69
27115000223,69
27115000221,69
27017000115,69
27017000110,69
27137000520,14
27017000125,69
27017000080,69
27017000075,69
27017000185,69
27137000890,14
27017000045,69
27017000040,69
27017000020,69
27017000150,69
27017000015,69
27017000105,69
27017000005,69
27001000020,14
27001000055,14
27001000030,14
27001000190,14
27017000060,69
27017000130,69
27017000030,69
27017000155,69
27017000010,69
27017000090,69
27017000145,69
27115000225,69
27137000025,69
27017000085,69
27001000165,116
27001000120,14
27137000925,69
27017000120,69
27017000175,69
27115000230,80
27001000025,116
27017000095,69
27137000590,14
27137000591,14
27017000068,69
27115000115,69
27137000075,69
27017000135,69
27017000050,69
27137000095,48
27137000965,48
27137000860,87
27137000990,87
27137000100,48
27137000575,48
27137001140,87
27137000515,87
27137001001,87
27137000790,87
27137000930,48
27137000005,48
27137000825,48
27137001150,48
27137000080,48
27137000580,48
27137000820,48
27137000971,48
27137000115,48
27137000480,48
27137000020,48
27137000125,87
27061000074,14
27061000280,14
27137000640,14
27137000630,14
27137001040,48
27137001060,48
27137001055,48
27137000785,48
27137000797,48
27137000755,48
27137000550,48
27137001050,48
27137001045,48
27071000080,87
27071000082,87
27071000060,87
27071000055,87
27071000090,87
27071000050,87
27071000121,87
27071000120,87
27109000095,122
27157000130,122
27169000025,122
27169000150,75
27169000225,75
27169000115,122
27169000110,122
27045000085,92
27045000080,92
27109000020,122
27109000025,122
27169000120,122
27169000210,75
27169000020,122
27169000145,122
27169000205,75
27169000230,75
27055000090,92
27055000060,92
27169000240,75
27169000170,75
27169000050,75
27169000160,75
27169000190,75
27169000155,75
27169000195,75
27169000200,75
27169000175,75
27169000180,75
27169000185,75
27169000165,75
27169000040,75
27169000105,75
27169000035,75
27169000135,75
27169000085,122
27169000030,75
27169000130,122
27169000060,75
27045000010,92
27045000160,92
27045000125,92
27169000100,75
27169000042,75
27169000070,75
27157000045,122
27157000100,122
27169000140,75
27169000045,75
27169000125,75
27169000055,75
27157000145,46
27157000140,46
27169000005,122
27169000075,122
27055000035,92
27055000065,92
27055000125,92
27055000110,92
27055000130,92
27055000005,92
27055000120,92
27055000105,92
27055000030,92
27055000085,92
27055000025,92
27045000135,92
27045000115,92
27055000040,92
27045000155,92
27055000100,92
27055000095,92
27045000105,92
27045000035,92
27045000005,92
27045000185,92
27045000090,92
27045000150,92
27045000030,92
27055000020,92
27055000115,92
27045000055,92
27055000015,92
27055000050,92
27055000045,92
27045000050,92
27045000100,92
27045000140,92
27045000070,92
27109000015,122
27169000095,75
27169000090,75
27055000055,92
27055000070,92
27169000058,75
27055000076,92
27055000010,92
27157000120,122
27169000065,122
27157000095,122
27157000055,122
27157000150,46
27157000125,122
27031000060,87
27031ZZZZZZ,87
27031000035,87
27031000025,87
27137000821,87
27075000060,87
27075000010,87
27075000035,87
27075000020,87
27075000025,87
27075000110,87
27075000005,87
27075000050,87
27031000045,87
27137000875,62
27137000030,62
27075000130,87
27137000852,62
27137001005,62
27075000125,62
27137000015,62
27075000120,62
27137000435,62
27075000105,62
27075000115,62
27075000080,62
27075000070,62
27075000090,62
27137000850,62
27137000165,4
27137000145,4
27137000245,18
27137000230,18
27137000240,18
27137000260,18
27137000250,18
27137000280,18
27137000255,18
27137000285,18
27137000220,18
27137000265,4
27137000195,4
27137000270,18
27137000200,4
27137000275,18
27137000290,18
27137000295,18
27137000300,18
27137000170,4
27137000190,4
27137000205,4
27137000180,4
27137000175,4
27137000150,4
27137001145,87
27137000975,87
27137000450,87
27075000040,87
27031000050,87
27031000030,87
27031000065,87
27031000015,87
27031000055,87
27031000010,87
27031000020,87
27003000015,32
27003000025,32
27003000040,21
27003000050,99
27003000115,47
27003000135,47
27003000140,47
27003000405,11
27003000415,11
27003000420,118
27003000435,118
27003000535,118
27003000540,11
27003000705,123
27003000710,123
27003000820,49
27003000835,23
27003001125,99
27003001215,99
27003001220,99
27003001420,56
27003001425,56
27003001805,23
27003001910,118
27003001920,118
27003002520,21
27005000220,59
27007000070,106
27007000125,17
27007000270,17
27009000055,51
27009000085,51
27013000035,132
27013000040,117
27013000060,43
27013000070,71
27013000170,85
27013000197,71
27013000245,132
27019000040,41
27019000045,41
27021000180,129
27021000320,108
27023000030,105
27025000045,68
27025000065,82
27025000066,82
27025000075,80
27027000155,5
27027000165,5
27027000200,5
27027000215,111
27033000075,54
27033000085,35
27035000045,89
27035000155,108
27035000230,108
27037001030,7
27037001055,7
27037001120,7
27037001130,42
27037001250,39
27037001260,27
27037001270,104
27037001290,39
27037001340,39
27037001710,27
27037001795,27
27037001810,30
27037001820,27
27037001840,42
27037001860,42
27037002780,31
27037002790,31
27037002800,124
27037002970,50
27037002980,16
27037003030,16
27037003110,31
27037004220,42
27037004250,42
27037004260,42
27037004910,95
27041000080,70
27047000215,100
27049000095,122
27053000030,13
27053000035,93
27053000036,13
27053000075,24
27053000080,13
27053000085,13
27053000090,13
27053000095,13
27053000100,13
27053000225,133
27053000320,52
27053000325,52
27053000340,133
27053000345,56
27053000420,52
27053000465,66
27053000550,88
27053000560,88
27053000725,127
27053000730,20
27053000740,20
27053000755,20
27053000865,24
27053000890,24
27053000895,24
27053001050,76
27053001135,86
27053001205,12
27053001240,73
27053001265,12
27053001275,12
27053001290,73
27053001345,97
27053001420,6
27053001435,67
27053001440,6
27053001450,6
27053001465,6
27053001470,55
27053001475,37
27053001480,37
27053001503,55
27053001540,130
27053001560,130
27053001580,55
27053001595,55
27053001615,6
27053001625,40
27053001630,19
27053001660,103
27053001670,103
27053001685,103
27053001720,40
27053001750,19
27053001765,40
27053001775,67
27053001810,63
27053001855,63
27053001870,112
27053001875,40
27053001890,112
27053001895,112
27053001900,128
27053001902,112
27053001925,112
27053001945,67
27053001950,128
27053001990,112
27053002000,112
27053002105,127
27053002110,53
27053002115,53
27053002130,53
27053002140,53
27053002170,53
27053002185,53
27053002245,33
27053002460,97
27053002465,97
27053002475,73
27053002480,97
27053002735,53
27053002800,36
27053002815,36
27053002820,86
27053002830,36
27053002850,36
27061000025,14
27061000085,14
27061000096,14
27061000101,14
27061000225,17
27061000227,108
27061000270,17
27061000371,108
27061000372,108
27075ZZZZZZ,87
27079000047,71
27085000045,110
27091000205,132
27097000135,116
27109000011,34
27109000012,34
27109000070,122
27109000102,34
27109000106,101
27109000180,101
27109000210,34
27111000220,78
27111000410,70
27123000220,65
27123000230,91
27123000290,134
27123000350,49
27123000355,49
27123000370,123
27123000380,123
27123000470,22
27123000480,22
27123000510,22
27123000550,126
27123000590,121
27123000610,126
27123000670,121
27123000675,121
27123000678,84
27123000720,15
27123000740,95
27123000750,95
27123000850,15
27123000960,126
27123000970,15
27123001160,84
27123001200,84
27123001210,121
27123001240,84
27123001250,95
27123001340,44
27123001350,84
27123001620,134
27123001700,123
27123001710,123
27131000115,98
27137000010,48
27137000045,87
27137000070,69
27137000210,4
27137000215,4
27137000320,18
27137000325,62
27137000505,62
27137000615,14
27137000620,14
27137000760,48
27137000765,87
27137000840,48
27137000865,87
27137000880,48
27137000962,87
27137ZZZZZZ,62
27139000045,131
27139000114,104
27139000117,104
27139000130,131
27139000153,131
27139000156,131
27139000158,131
27141000065,79
27141000105,79
27145000100,120
27145000265,113
27145000270,113
27145000330,51
27145000380,107
27145000385,113
27145000390,107
27145000442,113
27159000020,129
27163000025,96
27163000045,115
27163000050,115
27163000070,124
27163000100,61
27163000105,28
27163000120,28
27163000130,115
27163000170,115
27163000175,115
27163000375,91
27163000440,60
27171000040,26
27171000140,38
27171000141,2
27171000150,38
