map,weight,energy,cut_edges,boundary_nodes,population_deviation,estimated_vote_pct,pr_deviation,pr_seats,pr_pct,estimated_seats,estimated_seat_pct,fptp_seats,disproportionality,efficiency_gap,gamma,seats_bias,votes_bias,geometric_seats_bias,global_symmetry,declination,mean_median_statewide,mean_median_average_district,turnout_bias,lopsided_outcomes,competitive_districts,competitive_district_pct,responsiveness,responsive_districts,responsive_district_pct,overall_responsiveness,avg_dem_win_pct,avg_rep_win_pct,opportunity_districts,proportional_opportunities,coalition_districts,proportional_coalitions,reock,polsby_popper,county_splitting,district_splitting,proportionality,competitiveness,minority,compactness,splitting
000_518,1.0000,2171163.645,0.1086,0.2982,0.0185,0.4943,0.0151,7,0.5,6.7887,0.4849,7,0.0094,0.0037,-0.0049,-0.004,-0.0012,-0.004,-0.0017,-0.5795,-0.0096,-0.0101,0.0006,-0.0077,4.375,0.3125,3.4913,4.375,0.3125,2.6393,0.5804,0.593,0.6965,5,7.4682,5,0.3977,0.1771,1.3848,2.4517,95,42,57,39,0
001_519,1.0000,2527368.166,0.1108,0.302,0.0159,0.4943,0.0284,7,0.5,6.6027,0.4716,7,0.0227,0.0169,-0.0007,-0.0008,-0.0002,-0.0011,-0.0026,-0.3135,0.0035,0.0027,0.0009,-0.0073,6.4823,0.463,5.0809,6.4823,0.463,4.9627,0.5534,0.5665,0,5,7.5611,5,0.3594,0.1793,1.3746,2.3926,89,62,50,32,0
002_521,1.0000,2419936.682,0.1085,0.2937,0.0136,0.4943,0.0094,7,0.5,6.8689,0.4906,7,0.0036,-0.0021,-0.0091,-0.0081,-0.0027,-0.0081,-0.0039,-0.6659,-0.0072,-0.0064,-0.0009,-0.0065,3.9475,0.282,3.2208,3.9475,0.282,1.6373,0.5866,0.5963,1.6717,5,7.2484,5,0.3478,0.1847,1.3732,2.4057,98,38,66,30,0
003_522,1.0000,2181270.821,0.1005,0.2791,0.0193,0.4943,0.04,7,0.5,6.4395,0.46,7,0.0343,0.0286,0.0187,0.0183,0.0046,0.0178,0.0041,1.8038,0.01,0.0095,0.0005,-0.002,4.6515,0.3322,3.7369,4.6515,0.3322,7.0008,0.565,0.5775,0,5,6.6083,5,0.3877,0.1882,1.3867,2.4589,83,44,50,38,0
004_523,1.0000,2290083.356,0.0987,0.2708,0.0191,0.4943,0.0798,7,0.5,5.8828,0.4202,5,0.0741,0.0684,0.0543,0.0532,0.0108,0.0526,0.0154,6.2888,0.0154,0.0149,0.0005,0.0081,5.7787,0.4128,4.4653,5.7787,0.4128,13.9547,0.5903,0.5598,0,5,7.5826,5,0.3734,0.1764,1.3812,2.4075,63,55,50,34,0
005_524,1.0000,1849612.989,0.1059,0.2884,0.0157,0.4943,0.0516,7,0.5,6.278,0.4484,7,0.0459,0.0401,0.0245,0.0245,0.0051,0.0242,0.0069,2.6703,0.0057,0.0046,0.0011,-0.0007,6.0469,0.4319,4.734,6.0469,0.4319,9.0185,0.5636,0.5772,0,5,8.6233,5,0.3993,0.1601,1.3728,2.4374,77,58,50,38,0
006_525,1.0000,2711331.455,0.1096,0.2944,0.0172,0.4943,0.0444,7,0.5,6.3778,0.4556,6,0.0387,0.033,0.0329,0.0318,0.0123,0.0311,0.0062,3.8869,0.0337,0.0324,0.0013,0.0026,2.3552,0.1682,2.0152,2.3552,0.1682,7.7719,0.6063,0.592,0.8912,5,6.7831,5,0.3588,0.1662,1.3421,2.3926,81,22,59,30,4
007_526,1.0000,2110198.117,0.1096,0.2989,0.0193,0.4943,0.0343,7,0.5,6.5204,0.4657,5,0.0285,0.0228,0.0122,0.0111,0.0027,0.0106,0.0048,1.3768,0.0046,0.0042,0.0004,-0.0029,5.0541,0.361,3.8559,5.0541,0.361,5.991,0.5937,0.5615,0,5,9.1095,5,0.3604,0.1705,1.3876,2.4921,86,48,50,31,0
008_527,1.0000,2516873.137,0.1191,0.3263,0.0174,0.4943,0.0134,7,0.5,6.8129,0.4866,7,0.0076,0.0019,-0.0076,-0.0068,-0.0019,-0.0068,-0.0019,-1.1064,-0.015,-0.0156,0.0005,-0.0088,4.5176,0.3227,3.6685,4.5176,0.3227,2.3365,0.5683,0.5808,0.7925,5,6.7673,5,0.3325,0.1393,1.4158,2.5408,96,43,58,22,0
009_528,1.0000,2402496.94,0.1068,0.2922,0.0168,0.4943,0.0604,7,0.5,6.1551,0.4396,6,0.0546,0.0489,0.0409,0.0395,0.0099,0.0387,0.0089,5.0421,0.0229,0.0223,0.0006,0.0055,4.3014,0.3072,3.4021,4.3014,0.3072,10.5543,0.5877,0.5769,0,5,7.2635,5,0.4154,0.1952,1.3889,2.4502,73,41,50,45,0
010_529,1.0000,2295066.066,0.1206,0.3275,0.0169,0.4943,0.1113,7,0.5,5.4413,0.3887,5,0.1056,0.0999,0.0912,0.0897,0.0208,0.0891,0.0267,11.6104,0.0251,0.0238,0.0014,0.0197,4.6385,0.3313,3.5182,4.6385,0.3313,19.4693,0.6011,0.5672,0,5,6.7392,5,0.3667,0.1355,1.419,2.4657,47,44,50,28,0
011_530,1.0000,1982647.601,0.1108,0.3035,0.0167,0.4943,0.0457,7,0.5,6.3601,0.4543,7,0.04,0.0343,0.024,0.0244,0.0064,0.0242,0.0098,3.145,-0.0046,-0.0052,0.0006,0.0012,4.8452,0.3461,3.7989,4.8452,0.3461,7.9927,0.573,0.5856,0.7338,5,7.4915,5,0.4077,0.158,1.3788,2.3792,80,46,58,38,0
012_531,1.0000,2275374.023,0.1085,0.2971,0.0194,0.4943,-0.0137,7,0.5,7.1911,0.5137,7,-0.0194,-0.0251,-0.0287,-0.0282,-0.0108,-0.0284,-0.0106,-4.221,-0.0175,-0.0174,0,-0.0159,3.1593,0.2257,2.6381,3.1593,0.2257,-2.3872,0.5812,0.5926,0.8224,5,6.854,5,0.3593,0.1735,1.4022,2.4021,93,30,58,31,0
013_532,1.0000,2295598.565,0.1049,0.2896,0.0171,0.4943,-0.0054,7,0.5,7.0757,0.5054,8,-0.0111,-0.0168,-0.0241,-0.0238,-0.0074,-0.024,-0.0102,-2.922,-0.0134,-0.013,-0.0004,-0.0123,4.0112,0.2865,3.2616,4.0112,0.2865,-0.9458,0.5649,0.599,0,5,6.8355,5,0.3701,0.1852,1.3562,2.3811,97,38,50,34,1
014_533,1.0000,2454161.762,0.1073,0.2989,0.0185,0.4943,0.0728,7,0.5,5.981,0.4272,6,0.0671,0.0614,0.0534,0.0514,0.0124,0.0506,0.0113,6.8661,0.0171,0.0159,0.0012,0.0094,4.5723,0.3266,3.3963,4.5723,0.3266,12.7287,0.5896,0.5793,0.7291,5,6.5253,5,0.357,0.1728,1.3733,2.398,66,44,58,30,0
015_534,1.0000,2301982.294,0.1169,0.3095,0.0186,0.4943,0.0353,7,0.5,6.5056,0.4647,6,0.0296,0.0239,0.0223,0.0219,0.0086,0.0215,0.0055,2.4498,0.0225,0.0219,0.0006,-0.0003,2.6922,0.1923,2.2788,2.6922,0.1923,6.1752,0.5988,0.5851,0,5,6.9309,5,0.359,0.1567,1.4329,2.5524,85,26,50,29,0
016_535,1.0000,2217708.692,0.1076,0.2971,0.0178,0.4943,0.0999,7,0.5,5.6021,0.4001,5,0.0941,0.0884,0.0749,0.0726,0.0139,0.0717,0.0197,10.4542,0.0146,0.0147,-0.0001,0.0185,5.9648,0.4261,4.3683,5.9648,0.4261,17.4613,0.6031,0.5661,0,5,8.3333,5,0.3905,0.1762,1.3724,2.3567,53,57,50,38,0
017_536,1.0000,1990063.568,0.0983,0.2667,0.0196,0.4943,0.0534,7,0.5,6.2524,0.4466,5,0.0477,0.042,0.0332,0.0325,0.0085,0.0321,0.0098,4.585,0.0112,0.0109,0.0003,0.0049,4.5262,0.3233,3.5242,4.5262,0.3233,9.3381,0.6091,0.57,0,5,8.1161,5,0.401,0.1958,1.3591,2.2146,76,43,50,42,1
018_537,1.0000,1929371.929,0.1016,0.2753,0.0188,0.4943,0.0535,7,0.5,6.2508,0.4465,6,0.0478,0.0421,0.0294,0.0291,0.0066,0.0288,0.0081,3.5968,-0.0017,-0.0027,0.0009,0.0017,5.5322,0.3952,4.2118,5.5322,0.3952,9.3578,0.58,0.5716,0,5,7.4068,5,0.3948,0.1912,1.3499,2.329,76,53,50,40,2
019_539,1.0000,2693198.676,0.1098,0.2971,0.0193,0.4943,0.0968,7,0.5,5.6451,0.4032,5,0.0911,0.0853,0.0748,0.0738,0.0172,0.0733,0.0253,11.5874,0.0106,0.0102,0.0004,0.0217,5.1847,0.3703,3.836,5.1847,0.3703,16.9241,0.6167,0.5743,0.7276,5,6.6677,5,0.3545,0.1775,1.3424,2.4533,54,49,58,30,4
020_543,1.0000,2266780.063,0.1069,0.2914,0.0179,0.4943,0.088,7,0.5,5.7675,0.412,6,0.0823,0.0766,0.0668,0.0653,0.015,0.0647,0.0177,8.8568,0.025,0.0237,0.0013,0.0138,4.8699,0.3478,3.7174,4.8699,0.3478,15.3954,0.5895,0.5794,0.7277,5,6.8765,5,0.3724,0.1706,1.3855,2.4244,59,46,58,34,0
021_544,1.0000,2094888.756,0.115,0.3151,0.0157,0.4943,0.0474,7,0.5,6.3361,0.4526,6,0.0417,0.036,0.025,0.0247,0.006,0.0244,0.0086,3.559,0.0124,0.0132,-0.0007,0.0033,5.0235,0.3588,3.9181,5.0235,0.3588,8.2923,0.5831,0.5711,0,5,7.3869,5,0.3622,0.1514,1.4017,2.4332,79,48,50,29,0
022_545,1.0000,2038325.075,0.1056,0.2929,0.0194,0.4943,0.0254,7,0.5,6.6441,0.4746,6,0.0197,0.014,0.0092,0.0085,0.0028,0.008,0.0032,1.1138,0.0167,0.0165,0.0002,-0.0032,3.4448,0.2461,2.8385,3.4448,0.2461,4.4459,0.5984,0.5841,0,5,8.5456,5,0.4039,0.1939,1.3601,2.4004,90,33,50,42,0
023_546,1.0000,2279901.007,0.1098,0.2941,0.0183,0.4943,0.0195,7,0.5,6.7264,0.4805,7,0.0138,0.0081,-0.0007,-0.001,-0.0003,-0.0013,-0.0045,-0.0029,0.0008,0.0006,0.0002,-0.0059,4.487,0.3205,3.5444,4.487,0.3205,3.4172,0.5759,0.5877,0,5,8.4545,5,0.3519,0.1535,1.3793,2.4081,93,43,50,27,0
024_547,1.0000,2210472.964,0.0999,0.2742,0.0164,0.4943,0.0837,7,0.5,5.8279,0.4163,6,0.078,0.0723,0.0647,0.0624,0.0146,0.0615,0.0139,7.8721,0.0291,0.0279,0.0011,0.0115,4.351,0.3108,3.332,4.351,0.3108,14.6409,0.5852,0.5759,0,5,6.817,5,0.3761,0.1893,1.3511,2.4169,61,41,50,36,2
025_551,1.0000,2448191.269,0.1133,0.302,0.0151,0.4943,0.1148,7,0.5,5.3929,0.3852,5,0.1091,0.1034,0.097,0.0952,0.0228,0.0943,0.0284,13.7843,0.0361,0.0361,0,0.0266,3.9858,0.2847,3.115,3.9858,0.2847,20.0742,0.6123,0.5713,0,5,5.7664,5,0.3728,0.1662,1.446,2.4599,45,38,50,33,0
026_552,1.0000,2255712.698,0.1106,0.2986,0.0155,0.4943,0.0605,7,0.5,6.1529,0.4395,6,0.0548,0.0491,0.0375,0.0368,0.0085,0.0364,0.0105,4.8826,0.0071,0.006,0.0011,0.0047,5.3014,0.3787,4.0244,5.3014,0.3787,10.5817,0.5869,0.5772,0.7771,5,7.4362,5,0.3459,0.1551,1.3676,2.3947,73,50,58,26,0
027_553,1.0000,2723367.018,0.1179,0.3222,0.0165,0.4943,0.0935,7,0.5,5.6914,0.4065,4,0.0878,0.082,0.0689,0.0662,0.0125,0.0652,0.0136,6.8643,0.016,0.0142,0.0018,0.0079,5.7299,0.4093,4.3055,5.7299,0.4093,16.3462,0.6049,0.5525,0,5,8.8087,5,0.3254,0.1597,1.3905,2.5005,56,55,50,22,0
028_555,1.0000,2225732.416,0.1019,0.2783,0.0191,0.4943,0.0451,7,0.5,6.3683,0.4549,6,0.0394,0.0337,0.0251,0.025,0.0069,0.0247,0.0077,3.5373,0.0127,0.0122,0.0005,0.0023,4.4021,0.3144,3.4928,4.4021,0.3144,7.8904,0.5946,0.5818,0.9029,5,7.3317,5,0.3672,0.1935,1.3553,2.401,80,42,59,35,2
029_557,1.0000,2186800.383,0.1097,0.3035,0.017,0.4943,0.0793,7,0.5,5.8896,0.4207,6,0.0736,0.0679,0.0562,0.0548,0.0117,0.0541,0.0132,5.9756,0.0214,0.0203,0.0011,0.0068,5.2133,0.3724,4.0396,5.2133,0.3724,13.8706,0.5745,0.5678,0,5,6.78,5,0.388,0.1824,1.3944,2.3739,63,50,50,38,0
030_558,1.0000,2080058.812,0.1098,0.3023,0.0174,0.4943,0.0374,7,0.5,6.4762,0.4626,7,0.0317,0.026,0.0217,0.0213,0.0071,0.0208,0.0046,2.2625,0.0174,0.0165,0.0009,-0.0012,3.3577,0.2398,2.7549,3.3577,0.2398,6.5424,0.5786,0.5918,0.7915,5,6.7072,5,0.3913,0.1684,1.3589,2.5087,84,32,58,37,1
031_559,1.0000,2146664.939,0.1173,0.3121,0.0199,0.4943,0.1106,7,0.5,5.4509,0.3894,4,0.1049,0.0992,0.084,0.0806,0.0136,0.0793,0.0184,9.6017,0.0283,0.0281,0.0001,0.0155,6.2937,0.4496,4.6663,6.2937,0.4496,19.3498,0.6062,0.5507,0,5,7.4693,5,0.3701,0.1615,1.3729,2.4082,48,60,50,32,0
032_561,1.0000,2171374.943,0.1064,0.2851,0.0175,0.4943,0.037,7,0.5,6.4825,0.463,6,0.0312,0.0255,0.0118,0.0118,0.0026,0.0114,0.0022,0.972,0.0032,0.002,0.0013,-0.0047,5.6015,0.4001,4.393,5.6015,0.4001,6.4636,0.5718,0.566,0.8032,5,6.59,5,0.3822,0.1873,1.3709,2.4505,84,53,58,38,0
033_562,1.0000,2475377.647,0.1291,0.3451,0.0182,0.4943,0.1225,7,0.5,5.2849,0.3775,5,0.1168,0.1111,0.1001,0.0977,0.0191,0.0966,0.0253,10.6317,0.0237,0.0227,0.001,0.0167,5.1782,0.3699,3.9251,5.1782,0.3699,21.4236,0.5818,0.556,0,5,6.6049,5,0.3284,0.1413,1.4434,2.5213,42,49,50,20,0
034_563,1.0000,2400803.748,0.1148,0.3121,0.0184,0.4943,0.102,7,0.5,5.5726,0.398,5,0.0962,0.0905,0.0855,0.0834,0.021,0.0824,0.0223,11.6264,0.0244,0.0236,0.0008,0.021,3.7508,0.2679,2.8738,3.7508,0.2679,17.8292,0.6124,0.5725,0,5,8.1807,5,0.3293,0.1455,1.396,2.4093,52,36,50,22,0
035_564,1.0000,2191583.768,0.1093,0.2978,0.0183,0.4943,0.0814,7,0.5,5.8609,0.4186,6,0.0756,0.0699,0.0587,0.0571,0.0124,0.0564,0.0149,7.3849,0.0234,0.023,0.0004,0.0109,5.2072,0.3719,3.9676,5.2072,0.3719,14.2282,0.5826,0.5727,0,5,7.521,5,0.3754,0.1669,1.3948,2.4965,62,50,50,34,0
036_565,1.0000,2254641.865,0.1081,0.2963,0.0161,0.4943,0.0697,7,0.5,6.0239,0.4303,6,0.064,0.0583,0.047,0.0463,0.0106,0.0458,0.0128,4.9032,0.0154,0.0141,0.0013,0.0042,5.029,0.3592,3.9756,5.029,0.3592,12.192,0.5757,0.5691,0,5,7.4517,5,0.3564,0.1728,1.4026,2.4652,68,48,50,30,0
037_566,1.0000,2572559.808,0.1295,0.3432,0.0191,0.4943,0.0197,7,0.5,6.7237,0.4803,6,0.014,0.0083,-0.0023,-0.002,-0.0005,-0.0021,-0.0016,-0.1516,-0.0044,-0.005,0.0006,-0.0067,4.9842,0.356,3.8521,4.9842,0.356,3.4518,0.5861,0.5757,0,5,7.3925,5,0.3435,0.1374,1.3881,2.5443,93,47,50,23,0
038_567,1.0000,2335939.483,0.1072,0.2881,0.0165,0.4943,0.0511,7,0.5,6.2845,0.4489,6,0.0454,0.0397,0.0273,0.0258,0.0056,0.0252,0.0066,3.992,0.0141,0.0144,-0.0002,0.0039,5.5338,0.3953,4.1676,5.5338,0.3953,8.9376,0.5858,0.574,0,5,9.0334,5,0.3784,0.1827,1.4037,2.415,77,53,50,36,0
039_568,1.0000,2184106.495,0.1073,0.2922,0.0186,0.4943,0.0352,7,0.5,6.5069,0.4648,6,0.0295,0.0238,0.0194,0.0186,0.006,0.0181,0.0036,2.292,0.019,0.0182,0.0008,-0.0009,3.4582,0.247,2.7632,3.4582,0.247,6.1596,0.5983,0.5851,0,5,8.2767,5,0.4033,0.1678,1.3788,2.3767,85,33,50,39,0
040_569,1.0000,2045260.616,0.1121,0.3027,0.0185,0.4943,0.0269,7,0.5,6.623,0.4731,7,0.0212,0.0155,0.0083,0.0082,0.0024,0.0077,0.0037,0.3668,0.0087,0.0079,0.0008,-0.0057,3.8384,0.2742,3.2496,3.8384,0.2742,4.7086,0.5684,0.5815,0,5,7.6252,5,0.3658,0.1628,1.3972,2.494,89,37,50,31,0
041_571,1.0000,2898488.947,0.1175,0.3166,0.0187,0.4943,0.0149,7,0.5,6.7914,0.4851,7,0.0092,0.0035,-0.0043,-0.0037,-0.0011,-0.0039,-0.0017,-0.8785,-0.0058,-0.0061,0.0003,-0.0081,4.0335,0.2881,3.3606,4.0335,0.2881,2.6053,0.567,0.579,0,5,6.819,5,0.3436,0.1507,1.4091,2.4899,95,38,50,25,0
042_573,1.0000,2148276.52,0.116,0.3162,0.0185,0.4943,0.0712,7,0.5,6.0033,0.4288,5,0.0655,0.0598,0.0536,0.0524,0.0141,0.0517,0.0126,6.0885,0.0233,0.0218,0.0015,0.007,3.8488,0.2749,3.0833,3.8488,0.2749,12.45,0.602,0.568,0.9171,5,7.295,5,0.3881,0.1636,1.4027,2.5038,67,37,59,36,0
043_574,1.0000,2382743.348,0.1112,0.2978,0.0155,0.4943,0.1193,7,0.5,5.3305,0.3807,6,0.1135,0.1078,0.0992,0.0974,0.0218,0.0966,0.0305,15.2848,0.0393,0.04,-0.0007,0.0311,4.6143,0.3296,3.5043,4.6143,0.3296,20.8542,0.5968,0.5814,0.7001,5,5.81,5,0.3572,0.1508,1.3733,2.374,43,44,57,28,0
044_575,1.0000,2358631.354,0.11,0.3023,0.0169,0.4943,0.0246,7,0.5,6.6562,0.4754,7,0.0188,0.0131,0.0089,0.0086,0.003,0.0082,0.0018,0.7242,0.0063,0.0057,0.0006,-0.0045,3.3994,0.2428,2.7359,3.3994,0.2428,4.2944,0.5798,0.5924,0,5,8.5521,5,0.3507,0.1684,1.3925,2.4859,91,32,50,28,0
045_576,1.0000,2375890.036,0.1142,0.3121,0.019,0.4943,0.0718,7,0.5,5.995,0.4282,6,0.0661,0.0603,0.051,0.0499,0.012,0.0493,0.0146,6.5686,0.0209,0.021,-0.0001,0.0097,4.6908,0.3351,3.6332,4.6908,0.3351,12.553,0.5843,0.573,0,5,8.8453,5,0.3695,0.1702,1.3742,2.4379,67,45,50,33,0
046_577,1.0000,1900602.2,0.0997,0.2697,0.0198,0.4943,0.0442,7,0.5,6.381,0.4558,7,0.0385,0.0328,0.024,0.0236,0.0063,0.0231,0.0085,4.0998,0.0056,0.0075,-0.0019,0.0059,4.4492,0.3178,3.5403,4.4492,0.3178,7.7322,0.5779,0.5856,0.8235,5,5.732,5,0.4115,0.1767,1.3526,2.3778,81,42,58,42,2
047_578,1.0000,2255495.997,0.1118,0.2978,0.0187,0.4943,0.072,7,0.5,5.9917,0.428,6,0.0663,0.0606,0.0522,0.0507,0.0122,0.0499,0.0111,5.8438,0.031,0.0296,0.0014,0.0065,4.356,0.3111,3.4607,4.356,0.3111,12.5949,0.5827,0.5744,0.848,5,8.1168,5,0.3475,0.1581,1.3662,2.3352,67,41,58,27,0
048_579,1.0000,2518625.987,0.1102,0.3023,0.0197,0.4943,0.0894,7,0.5,5.7485,0.4106,6,0.0837,0.078,0.0712,0.0695,0.0175,0.0687,0.0194,9.9736,0.0263,0.0255,0.0008,0.0173,4.198,0.2999,3.1888,4.198,0.2999,15.6331,0.5949,0.5825,0,5,7.7176,5,0.3191,0.1741,1.382,2.374,58,40,50,24,0
049_580,1.0000,2461855.187,0.1213,0.3308,0.0194,0.4943,-0.0026,7,0.5,7.0363,0.5026,7,-0.0083,-0.014,-0.0165,-0.016,-0.0068,-0.0162,-0.0056,-2.7632,-0.009,-0.0091,0.0001,-0.0126,2.7182,0.1942,2.4266,2.7182,0.1942,-0.4539,0.5845,0.5962,0,5,8.8527,5,0.3344,0.1346,1.4092,2.5545,99,26,50,22,0
050_582,1.0000,1988854.013,0.1124,0.3038,0.0168,0.4943,0.0394,7,0.5,6.4477,0.4606,7,0.0337,0.028,0.0221,0.0221,0.007,0.0218,0.0081,3.3301,0.0131,0.0136,-0.0005,0.0028,3.678,0.2627,3.0274,3.678,0.2627,6.8983,0.5838,0.5942,0,5,7.3037,5,0.3735,0.1778,1.3835,2.4616,83,35,50,34,0
051_583,1.0000,2170010.373,0.1049,0.2881,0.0188,0.4943,0.0809,7,0.5,5.8677,0.4191,6,0.0752,0.0694,0.064,0.0627,0.0172,0.062,0.0178,8.6703,0.0243,0.0244,-0.0001,0.015,3.8235,0.2731,2.9467,3.8235,0.2731,14.1431,0.5916,0.5784,0.7562,5,6.7024,5,0.3848,0.1826,1.3577,2.3739,62,36,58,38,1
052_586,1.0000,2060392.762,0.1165,0.314,0.0176,0.4943,0.0227,7,0.5,6.6819,0.4773,6,0.017,0.0113,0.0019,0.0007,0.0002,0.0001,0.007,0.2312,0.0067,0.006,0.0007,-0.0059,4.715,0.3368,3.6399,4.715,0.3368,3.974,0.5885,0.5776,0,5,8.1393,5,0.3725,0.1619,1.3926,2.432,91,45,50,32,0
053_587,1.0000,2113391.259,0.1047,0.2877,0.0162,0.4943,0.0857,7,0.5,5.8,0.4143,5,0.08,0.0743,0.0666,0.0644,0.0151,0.0635,0.0163,9.168,0.0272,0.0272,0,0.0159,4.4481,0.3177,3.3402,4.4481,0.3177,14.9892,0.6097,0.5698,0,5,7.4682,5,0.4034,0.1877,1.3579,2.3027,60,42,50,42,1
054_588,1.0000,2108839.167,0.1016,0.2734,0.0163,0.4943,0.0778,7,0.5,5.9106,0.4222,6,0.0721,0.0664,0.0524,0.0513,0.0107,0.0509,0.0157,7.2894,0.0013,0.0011,0.0002,0.011,6.0896,0.435,4.4523,6.0896,0.435,13.608,0.583,0.5727,0,5,7.6954,5,0.3683,0.1715,1.3352,2.403,64,58,50,32,4
055_589,1.0000,2266132.284,0.1185,0.3188,0.0181,0.4943,0.0861,7,0.5,5.7947,0.4139,5,0.0804,0.0747,0.0721,0.0699,0.0194,0.0689,0.017,10.1404,0.0322,0.0316,0.0005,0.0183,3.0776,0.2198,2.4418,3.0776,0.2198,15.0553,0.6214,0.5772,0.7167,5,6.7165,5,0.3616,0.1354,1.3949,2.5467,60,29,57,27,0
056_590,1.0000,1888415.112,0.1206,0.3241,0.0188,0.4943,0.0123,7,0.5,6.8284,0.4877,8,0.0065,0.0008,-0.0092,-0.0077,-0.0022,-0.0077,-0.0018,-0.9964,-0.015,-0.0148,-0.0002,-0.0079,4.4851,0.3204,3.7452,4.4851,0.3204,2.1437,0.5582,0.5906,0,5,6.8551,5,0.3756,0.1422,1.3946,2.452,97,43,50,30,0
057_591,1.0000,2199739.41,0.1141,0.3072,0.0174,0.4943,0.0055,7,0.5,6.9231,0.4945,8,-0.0002,-0.0059,-0.0169,-0.0156,-0.0042,-0.0154,-0.0033,-1.6477,-0.0137,-0.0134,-0.0003,-0.0093,4.9014,0.3501,3.9177,4.9014,0.3501,0.9603,0.562,0.5954,0,5,7.5992,5,0.3375,0.1558,1.3903,2.3099,100,47,50,24,0
058_592,1.0000,2004319.274,0.1045,0.2847,0.0194,0.4943,0.1009,7,0.5,5.5871,0.3991,6,0.0952,0.0895,0.0801,0.0793,0.0188,0.0787,0.0262,11.1752,0.0254,0.0256,-0.0002,0.0205,4.6482,0.332,3.6327,4.6482,0.332,17.6489,0.5887,0.5762,0,5,6.5784,5,0.3988,0.1837,1.3626,2.3523,52,44,50,40,0
059_594,1.0000,2021279.39,0.1021,0.2787,0.0163,0.4943,0.0639,7,0.5,6.1051,0.4361,6,0.0582,0.0525,0.0371,0.0363,0.0072,0.0358,0.009,4.0605,0.0014,0.0006,0.0008,0.0027,6.1781,0.4413,4.6833,6.1781,0.4413,11.1784,0.5709,0.5646,0,5,8.6259,5,0.3737,0.1919,1.3482,2.3824,71,59,50,36,2
060_595,1.0000,2670377.702,0.1218,0.3263,0.0193,0.4943,0.0521,7,0.5,6.2706,0.4479,6,0.0464,0.0407,0.0306,0.029,0.0069,0.0285,0.0072,4.3263,0.009,0.009,0,0.0045,5.1262,0.3662,3.7686,5.1262,0.3662,9.1113,0.5879,0.576,0,5,7.2096,5,0.3488,0.1459,1.3932,2.5117,77,49,50,26,0
061_597,1.0000,2413949.908,0.1114,0.3065,0.019,0.4943,0.0291,7,0.5,6.5921,0.4709,7,0.0234,0.0177,0.0063,0.0068,0.0017,0.0066,0.0077,0.9939,-0.0008,-0.0013,0.0005,-0.0039,4.9143,0.351,4.0009,4.9143,0.351,5.0954,0.5744,0.5868,0,5,8.2799,5,0.3357,0.1511,1.3945,2.4151,88,47,50,24,0
062_598,1.0000,2034878.667,0.1118,0.3042,0.0167,0.4943,0.0941,7,0.5,5.6825,0.4059,5,0.0884,0.0827,0.0687,0.0665,0.0125,0.0655,0.0163,8.1411,0.013,0.0128,0.0002,0.0125,5.9644,0.426,4.4363,5.9644,0.426,16.4572,0.5888,0.5586,0,5,7.2548,5,0.4203,0.1838,1.3692,2.4039,56,57,50,44,0
063_599,1.0000,2055248.86,0.1105,0.3027,0.0168,0.4943,0.1057,7,0.5,5.52,0.3943,5,0.1,0.0943,0.0854,0.0842,0.0198,0.0836,0.0262,12.5763,0.0241,0.0243,-0.0002,0.0242,4.6709,0.3336,3.5514,4.6709,0.3336,18.4871,0.6114,0.5705,0,5,5.8694,5,0.3614,0.1683,1.3621,2.3975,50,44,50,31,0
064_600,1.0000,2331494.418,0.1177,0.3143,0.019,0.4943,0.0439,7,0.5,6.3849,0.4561,6,0.0382,0.0325,0.0259,0.0255,0.0075,0.0251,0.0064,3.2495,0.013,0.0121,0.0009,0.0012,4.025,0.2875,3.1456,4.025,0.2875,7.6831,0.5939,0.582,0,5,7.8615,5,0.3538,0.144,1.3928,2.5438,81,38,50,26,0
065_601,1.0000,2607641.512,0.1222,0.3327,0.0167,0.4943,0.053,7,0.5,6.2583,0.447,6,0.0473,0.0415,0.0354,0.0354,0.0109,0.0351,0.0146,5.1845,0.017,0.0171,-0.0001,0.0069,3.7547,0.2682,3.0702,3.7547,0.2682,9.2647,0.5993,0.5843,0,5,7.7573,5,0.3593,0.1516,1.4143,2.4335,76,36,50,28,0
066_602,1.0000,2307020.631,0.1041,0.2877,0.0185,0.4943,0.0631,7,0.5,6.1171,0.4369,6,0.0573,0.0516,0.0449,0.0436,0.0115,0.0428,0.0097,5.0805,0.0261,0.0251,0.001,0.0052,3.979,0.2842,3.1835,3.979,0.2842,11.0286,0.5853,0.5757,0.7371,5,6.5019,5,0.3791,0.1664,1.3816,2.4422,71,38,58,34,0
067_603,1.0000,2077647.831,0.1096,0.2959,0.0184,0.4943,0.0858,7,0.5,5.7989,0.4142,6,0.0801,0.0744,0.0649,0.0631,0.0139,0.0622,0.0143,6.5014,0.0347,0.0334,0.0014,0.0076,4.5591,0.3257,3.6468,4.5591,0.3257,15.0027,0.5732,0.5673,0,5,7.4495,5,0.3971,0.175,1.3902,2.3421,60,43,50,39,0
068_604,1.0000,2057643.31,0.1051,0.2888,0.015,0.4943,0.0577,7,0.5,6.1923,0.4423,6,0.052,0.0463,0.0343,0.0335,0.0077,0.0331,0.0096,4.6601,0.0103,0.0101,0.0002,0.005,5.4589,0.3899,4.0843,5.4589,0.3899,10.0888,0.5842,0.5736,0,5,7.5207,5,0.3874,0.1545,1.3719,2.4564,74,52,50,34,0
069_605,1.0000,2039862.335,0.1015,0.2779,0.0157,0.4943,0.0819,7,0.5,5.853,0.4181,6,0.0762,0.0705,0.0544,0.0537,0.0105,0.0533,0.0159,5.7641,0.0064,0.0043,0.0021,0.0053,6.4035,0.4574,4.8124,6.4035,0.4574,14.3269,0.5717,0.5675,0,5,8.9388,5,0.4373,0.2086,1.3437,2.2457,62,61,50,51,3
070_606,1.0000,2511309.775,0.1086,0.2974,0.0182,0.4943,0.1121,7,0.5,5.431,0.3879,4,0.1064,0.1006,0.0911,0.0889,0.019,0.088,0.0241,12.3989,0.019,0.0183,0.0007,0.0224,4.889,0.3492,3.6695,4.889,0.3492,19.5984,0.6311,0.5613,0,5,6.5128,5,0.3612,0.1601,1.4218,2.4863,47,47,50,30,0
071_607,1.0000,2155079.983,0.1185,0.32,0.0193,0.4943,0.0563,7,0.5,6.2121,0.4437,6,0.0506,0.0448,0.0359,0.034,0.0079,0.0331,0.0086,3.824,0.0227,0.0224,0.0004,0.0027,4.525,0.3232,3.5606,4.525,0.3232,9.8422,0.5773,0.5687,0,5,6.7801,5,0.3591,0.1416,1.3872,2.5038,75,43,50,27,0
072_608,1.0000,3042261.578,0.1146,0.311,0.0198,0.4943,0.0295,7,0.5,6.5874,0.4705,7,0.0237,0.018,0.0038,0.0036,0.0008,0.0032,0.0038,0.0639,-0.0026,-0.0036,0.001,-0.0066,5.8001,0.4143,4.4842,5.8001,0.4143,5.1532,0.559,0.5725,0,5,8.312,5,0.3523,0.1588,1.4172,2.4809,88,55,50,28,0
073_609,1.0000,2781557.202,0.1214,0.3252,0.0172,0.4943,0.1027,7,0.5,5.5616,0.3973,4,0.097,0.0913,0.081,0.0787,0.0162,0.0777,0.0206,10.3014,0.0215,0.0213,0.0002,0.0177,4.948,0.3534,3.8087,4.948,0.3534,17.9676,0.6228,0.5573,0,5,5.8995,5,0.34,0.1449,1.4223,2.5027,51,47,50,24,0
074_610,1.0000,3173563.037,0.1183,0.3226,0.019,0.4943,0.0514,7,0.5,6.28,0.4486,7,0.0457,0.04,0.0276,0.0284,0.007,0.0284,0.0138,2.6387,-0.0039,-0.0051,0.0012,-0.0008,5.2351,0.3739,4.167,5.2351,0.3739,8.9933,0.5621,0.5759,0,5,6.6888,5,0.2887,0.1338,1.4171,2.5419,77,50,50,12,0
075_611,1.0000,1857495.236,0.1033,0.2802,0.0187,0.4943,0.091,7,0.5,5.7259,0.409,5,0.0853,0.0796,0.0697,0.0682,0.0156,0.0675,0.021,10.269,0.019,0.0189,0,0.0186,4.952,0.3537,3.7235,4.952,0.3537,15.9145,0.6134,0.572,0,5,7.5758,5,0.3825,0.1782,1.3599,2.3011,57,47,50,36,0
076_612,1.0000,2891168.736,0.1231,0.3338,0.0186,0.4943,0.0443,7,0.5,6.3796,0.4557,6,0.0386,0.0329,0.0307,0.0294,0.0099,0.0286,0.0078,4.5012,0.0291,0.0301,-0.001,0.0063,2.9135,0.2081,2.3754,2.9135,0.2081,7.7495,0.6033,0.5857,0.7188,5,8.4022,5,0.31,0.1313,1.4041,2.5336,81,28,57,16,0
077_613,1.0000,2282034.762,0.1108,0.3016,0.0171,0.4943,0.0352,7,0.5,6.5074,0.4648,6,0.0295,0.0238,0.0176,0.0168,0.005,0.0164,0.0054,2.8006,0.0066,0.007,-0.0004,0.0015,3.9951,0.2854,3.0776,3.9951,0.2854,6.1533,0.5992,0.5837,0,5,7.508,5,0.3454,0.1644,1.3924,2.4469,85,38,50,27,0
078_614,1.0000,2105680.417,0.1136,0.3046,0.0161,0.4943,0.0665,7,0.5,6.0685,0.4335,4,0.0608,0.0551,0.0382,0.0368,0.0068,0.0362,0.0082,3.6521,0.0086,0.0076,0.001,0.0015,6.6021,0.4716,4.9492,6.6021,0.4716,11.6358,0.5986,0.5488,0,5,8.968,5,0.3646,0.1703,1.3856,2.4621,70,63,50,32,0
079_615,1.0000,2616119.246,0.1142,0.3121,0.0155,0.4943,0.1038,7,0.5,5.5469,0.3962,5,0.0981,0.0924,0.082,0.0792,0.0159,0.0781,0.0193,9.913,0.0302,0.0297,0.0005,0.0163,5.0099,0.3579,3.8138,5.0099,0.3579,18.1503,0.5961,0.5631,0.8692,5,6.3998,5,0.383,0.1472,1.3952,2.4678,51,48,58,32,0
080_616,1.0000,1977989.057,0.1043,0.2794,0.0185,0.4943,0.0723,7,0.5,5.9881,0.4277,6,0.0666,0.0608,0.0523,0.0515,0.0131,0.051,0.0164,7.5097,0.0144,0.0156,-0.0012,0.0131,4.4573,0.3184,3.4958,4.4573,0.3184,12.6398,0.5888,0.5745,0,5,7.3978,5,0.3142,0.1427,1.3652,2.352,67,42,50,18,0
081_619,1.0000,2298504.283,0.1057,0.2836,0.0184,0.4943,0.0803,7,0.5,5.876,0.4197,6,0.0746,0.0688,0.0588,0.0582,0.0142,0.0578,0.018,7.4581,0.0106,0.0095,0.0011,0.0106,4.9429,0.3531,3.7516,4.9429,0.3531,14.0397,0.5852,0.5759,0,5,7.6069,5,0.3857,0.1613,1.365,2.4673,63,47,50,34,0
082_620,1.0000,2055712.54,0.1086,0.2982,0.0185,0.4943,-0.0156,7,0.5,7.2181,0.5156,8,-0.0213,-0.027,-0.0403,-0.0392,-0.0093,-0.0391,-0.0111,-3.8464,-0.0171,-0.0162,-0.0009,-0.0138,5.4677,0.3905,4.3205,5.4677,0.3905,-2.7241,0.56,0.5913,0,5,7.3511,5,0.3353,0.1502,1.3484,2.3989,92,52,50,24,2
083_621,1.0000,2782409.592,0.1202,0.3263,0.0175,0.4943,0.069,7,0.5,6.0338,0.431,5,0.0633,0.0576,0.0436,0.0431,0.0092,0.0428,0.0143,4.8535,0.0048,0.0038,0.001,0.0044,5.7725,0.4123,4.4412,5.7725,0.4123,12.0693,0.5888,0.5598,0,5,7.6195,5,0.3413,0.1737,1.4226,2.485,68,55,50,28,0
084_625,1.0000,2154625.298,0.104,0.2832,0.0189,0.4943,0.0737,7,0.5,5.9686,0.4263,6,0.0679,0.0622,0.0501,0.0484,0.0101,0.0476,0.0113,5.4825,0.018,0.0175,0.0005,0.0063,5.3614,0.383,4.1251,5.3614,0.383,12.8828,0.5738,0.5662,0,5,6.8539,5,0.3488,0.1776,1.3766,2.378,66,51,50,30,0
085_627,1.0000,2133845.741,0.1051,0.2881,0.0182,0.4943,0.0244,7,0.5,6.6586,0.4756,7,0.0187,0.013,0.0057,0.0068,0.0022,0.0068,0.008,0.1494,-0.0067,-0.0084,0.0017,-0.007,3.9614,0.283,3.2758,3.9614,0.283,4.2649,0.5782,0.593,0.9221,5,5.9313,5,0.391,0.1631,1.366,2.3771,91,38,59,36,0
086_628,1.0000,2426584.07,0.114,0.3065,0.0193,0.4943,0.1003,7,0.5,5.5956,0.3997,5,0.0946,0.0889,0.0761,0.0744,0.0147,0.0735,0.0202,8.0687,0.0224,0.0211,0.0013,0.0111,5.4708,0.3908,4.2342,5.4708,0.3908,17.5431,0.5869,0.5592,0,5,6.6481,5,0.3639,0.1525,1.4324,2.4235,53,52,50,30,0
087_630,1.0000,2394425.032,0.1104,0.3038,0.0168,0.4943,0.1181,7,0.5,5.347,0.3819,4,0.1124,0.1066,0.0966,0.0943,0.0197,0.0934,0.0265,12.6896,0.0216,0.0203,0.0013,0.0222,5.0291,0.3592,3.7624,5.0291,0.3592,20.6479,0.6277,0.5608,0,5,7.173,5,0.3715,0.1537,1.3812,2.4562,44,48,50,31,0
088_631,1.0000,2136407.766,0.1044,0.2869,0.0193,0.4943,0.0196,7,0.5,6.7254,0.4804,7,0.0139,0.0082,0.0048,0.0048,0.0018,0.0045,0.0032,-0.0809,0.0018,0.0008,0.001,-0.0069,3.0675,0.2191,2.5953,3.0675,0.2191,3.43,0.5816,0.595,0.7738,5,8.5321,5,0.3752,0.1818,1.3319,2.3619,93,29,58,35,5
089_632,1.0000,2147084.049,0.1117,0.3035,0.0186,0.4943,0.0628,7,0.5,6.1213,0.4372,6,0.057,0.0513,0.0399,0.0388,0.0087,0.0382,0.009,4.2707,0.0246,0.0231,0.0016,0.0026,5.1408,0.3672,3.9977,5.1408,0.3672,10.9764,0.5796,0.5724,0,5,7.7113,5,0.3765,0.1632,1.3997,2.4379,71,49,50,34,0
090_634,1.0000,2670469.188,0.128,0.3485,0.0183,0.4943,0.0606,7,0.5,6.1518,0.4394,6,0.0549,0.0491,0.0423,0.0412,0.0109,0.0405,0.0089,4.5596,0.0243,0.0227,0.0016,0.0034,3.9718,0.2837,3.1896,3.9718,0.2837,10.5946,0.5846,0.5763,0,5,8.0892,5,0.3276,0.1447,1.3985,2.4946,73,38,50,21,0
091_635,1.0000,3019588.577,0.1183,0.3267,0.0186,0.4943,0.0855,7,0.5,5.8036,0.4145,5,0.0797,0.074,0.0677,0.0669,0.0183,0.0663,0.0201,8.6055,0.0234,0.0217,0.0017,0.0129,3.9925,0.2852,3.1045,3.9925,0.2852,14.9439,0.6073,0.5712,0,5,8.1356,5,0.3381,0.1406,1.3934,2.5632,60,38,50,22,0
092_636,1.0000,2295233.09,0.1017,0.2787,0.0197,0.4943,0.0479,7,0.5,6.3289,0.4521,7,0.0422,0.0365,0.0274,0.027,0.007,0.0266,0.0074,3.7727,0.0141,0.0139,0.0003,0.003,4.5252,0.3232,3.5884,4.5252,0.3232,8.3822,0.5779,0.5899,0,5,8.2152,5,0.3826,0.1679,1.3563,2.3541,79,43,50,35,1
093_637,1.0000,2198551.485,0.1136,0.3162,0.0181,0.4943,0.0278,7,0.5,6.6105,0.4722,7,0.0221,0.0164,0.0062,0.0071,0.002,0.0071,0.0059,0.5789,-0.0033,-0.0045,0.0012,-0.0055,4.6554,0.3325,3.7811,4.6554,0.3325,4.8656,0.5731,0.5869,0,5,8.4737,5,0.385,0.1803,1.3868,2.3894,89,44,50,37,0
094_638,1.0000,2319388.675,0.0962,0.2716,0.0194,0.4943,0.0167,7,0.5,6.766,0.4833,7,0.011,0.0053,-0.0032,-0.0028,-0.0008,-0.003,-0.0031,-0.3306,-0.0073,-0.0075,0.0002,-0.0067,4.2881,0.3063,3.4793,4.2881,0.3063,2.9227,0.5772,0.589,0,5,6.7728,5,0.3568,0.1772,1.3804,2.2921,95,41,50,31,0
095_639,1.0000,2452247.544,0.1206,0.329,0.016,0.4943,0.0273,7,0.5,6.6181,0.4727,7,0.0216,0.0158,0.0057,0.006,0.0016,0.0058,0.0019,0.5186,-0.0006,-0.0015,0.0009,-0.0054,4.6455,0.3318,3.7712,4.6455,0.3318,4.7705,0.5717,0.5849,0.7091,5,8.6605,5,0.3413,0.149,1.3706,2.4918,89,44,57,24,0
096_641,1.0000,2332695.074,0.1137,0.3023,0.0146,0.4943,0.0867,7,0.5,5.7859,0.4133,6,0.081,0.0753,0.0691,0.067,0.0164,0.066,0.015,8.2024,0.0322,0.0307,0.0015,0.0119,4.0008,0.2858,3.0781,4.0008,0.2858,15.1653,0.5848,0.5762,0,5,8.1692,5,0.3366,0.1525,1.3929,2.4993,59,38,50,24,0
097_642,1.0000,2171399.619,0.1126,0.3035,0.0147,0.4943,0.1038,7,0.5,5.547,0.3962,5,0.0981,0.0923,0.0813,0.0793,0.0164,0.0784,0.0233,11.5641,0.0249,0.0253,-0.0004,0.0216,5.1818,0.3701,3.934,5.1818,0.3701,18.1495,0.6056,0.5669,0,5,6.5488,5,0.3546,0.1697,1.3862,2.4805,51,49,50,30,0
098_644,1.0000,2138497.489,0.1104,0.3038,0.0184,0.4943,0.0638,7,0.5,6.1069,0.4362,7,0.0581,0.0524,0.0409,0.041,0.0101,0.0408,0.0146,5.2541,-0.0037,-0.0048,0.001,0.0056,5.3019,0.3787,4.0079,5.3019,0.3787,11.1558,0.572,0.5855,0.7343,5,6.5972,5,0.373,0.1592,1.3931,2.43,71,50,58,32,0
099_645,1.0000,2246587.115,0.1122,0.3057,0.0188,0.4943,0.0697,7,0.5,6.0246,0.4303,6,0.064,0.0582,0.0509,0.0496,0.0129,0.049,0.0137,7.1497,0.0143,0.0143,0,0.0113,4.349,0.3106,3.2845,4.349,0.3106,12.1838,0.5931,0.5798,0,5,7.3058,5,0.3672,0.1443,1.3822,2.3938,68,41,50,29,0