GEOID,DISTRICT
410019501001,3
410019501002,3
410019501003,3
410019502001,3
410019502002,3
410019502003,3
410019503001,3
410019503002,3
410019503003,3
410019504001,3
410019504002,3
410019504003,3
410019505001,3
410019505002,3
410019506001,3
410019506002,3
410019506003,3
410030001011,6
410030001012,6
410030001013,6
410030001021,6
410030001022,6
410030002021,6
410030002022,6
410030002023,6
410030004011,6
410030004012,6
410030004021,6
410030004022,6
410030004023,6
410030005001,6
410030005002,6
410030005003,6
410030006001,6
410030006002,6
410030006003,6
410030009001,6
410030009002,6
410030009003,6
410030009004,6
410030009005,6
410030010011,6
410030010012,6
410030010013,6
410030010021,6
410030010022,6
410030010023,6
410030011011,6
410030011012,6
410030011013,6
410030011014,6
410030011021,6
410030011022,6
410030011023,6
410030011024,6
410030101011,6
410030101012,6
410030101013,6
410030101021,6
410030101022,6
410030101023,6
410030102001,6
410030102002,6
410030102003,6
410030103001,6
410030103002,6
410030103003,6
410030104001,6
410030104002,6
410030104003,6
410030104004,6
410030106011,6
410030106012,6
410030106021,6
410030106022,6
410030107021,6
410030107022,6
410030107023,6
410030108001,6
410030108002,6
410030108003,6
410030109001,6
410030109002,6
410030109003,6
410050201011,4
410050201012,4
410050201021,4
410050201022,4
410050202011,4
410050202012,4
410050202013,4
410050202021,4
410050202022,4
410050203021,4
410050203022,4
410050203023,4
410050203031,4
410050203032,4
410050203033,4
410050203034,4
410050203041,4
410050203042,4
410050203043,4
410050204011,4
410050204012,4
410050204013,4
410050204014,4
410050204031,4
410050204032,4
410050204041,4
410050204042,4
410050205031,4
410050205032,4
410050205041,4
410050205042,4
410050205043,4
410050205044,4
410050205051,4
410050205052,4
410050205061,4
410050205062,4
410050205071,4
410050205072,4
410050205073,4
410050206011,4
410050206012,4
410050206021,4
410050206022,4
410050206023,4
410050207001,4
410050207002,4
410050207003,4
410050208001,5
410050208002,5
410050208003,5
410050209001,5
410050209002,5
410050209003,5
410050210001,5
410050210002,5
410050210003,5
410050211001,5
410050211002,5
410050211003,5
410050211004,5
410050212001,5
410050212002,5
410050212003,5
410050212004,5
410050213001,4
410050213002,5
410050213003,5
410050213004,5
410050214001,5
410050214002,5
410050214003,5
410050215001,5
410050215002,5
410050215003,5
410050216011,5
410050216012,5
410050216013,5
410050216014,5
410050216015,5
410050216021,5
410050216022,5
410050216023,5
410050217001,5
410050217002,5
410050217003,5
410050217004,5
410050218011,5
410050218012,5
410050218013,5
410050218021,5
410050218022,5
410050219001,5
410050219002,5
410050220001,5
410050220002,5
410050220003,5
410050220004,5
410050221011,5
410050221012,5
410050221013,5
410050221014,5
410050221051,5
410050221052,5
410050221053,5
410050221071,5
410050221072,5
410050221073,5
410050221081,5
410050221082,5
410050221091,5
410050221092,5
410050221101,5
410050221102,5
410050222011,5
410050222012,5
410050222013,5
410050222014,5
410050222051,5
410050222052,5
410050222061,5
410050222062,5
410050222063,5
410050222064,5
410050222071,5
410050222072,5
410050222073,5
410050222081,5
410050222082,5
410050222083,5
410050222084,5
410050223011,5
410050223012,5
410050223013,5
410050223021,5
410050223022,5
410050223023,5
410050224001,5
410050224002,4
410050224003,4
410050224004,4
410050224005,4
410050225011,4
410050225012,4
410050225021,4
410050225022,4
410050225023,4
410050226021,4
410050226022,4
410050226031,4
410050226032,4
410050226051,4
410050226052,4
410050226053,4
410050226054,4
410050226061,4
410050226062,4
410050226063,4
410050226064,4
410050227021,4
410050227022,4
410050227023,4
410050227024,4
410050227025,4
410050227071,4
410050227072,4
410050227073,4
410050227074,4
410050227081,4
410050227082,4
410050227083,4
410050227101,4
410050227102,4
410050228001,4
410050228002,4
410050228003,4
410050228004,4
410050229011,4
410050229012,4
410050229013,4
410050229041,4
410050229042,4
410050229051,4
410050229052,4
410050229053,4
410050229061,4
410050229062,4
410050229071,4
410050229072,4
410050230011,4
410050230012,3
410050230021,4
410050230022,4
410050231001,3
410050231002,3
410050231003,3
410050232011,3
410050232012,3
410050232021,3
410050232022,3
410050232023,5
410050232024,3
410050233001,3
410050233002,3
410050233003,3
410050233004,3
410050234011,3
410050234012,3
410050234013,3
410050234031,3
410050234032,3
410050234033,3
410050234041,3
410050234042,3
410050234043,3
410050234044,3
410050235001,3
410050235002,3
410050235003,3
410050235004,3
410050235005,3
410050236001,3
410050236002,3
410050236003,3
410050237001,4
410050237002,4
410050237003,3
410050237004,3
410050238001,4
410050238002,4
410050238003,4
410050238004,4
410050238005,4
410050239011,4
410050239012,4
410050239013,4
410050239014,4
410050239021,4
410050239022,4
410050239023,4
410050240001,4
410050240002,3
410050241001,3
410050241002,3
410050241003,3
410050242001,3
410050242002,3
410050242003,3
410050242004,3
410050242005,3
410050243021,3
410050243022,3
410050243023,3
410050243031,3
410050243032,3
410050243033,3
410050243034,3
410050243041,3
410050243042,3
410050243043,3
410050244011,4
410050244012,4
410050244021,4
410050244022,4
410050244023,4
410059800001,3
410079501001,1
410079501002,1
410079501003,1
410079502001,1
410079502002,1
410079502003,1
410079502004,1
410079503001,1
410079503002,1
410079503003,1
410079504001,1
410079504002,1
410079504003,1
410079505001,1
410079505002,1
410079505003,1
410079505004,1
410079506001,1
410079506002,1
410079506003,1
410079507001,1
410079507002,1
410079509001,1
410079509002,1
410079509003,1
410079509004,1
410079509005,1
410079511001,1
410079511002,1
410079511003,1
410079511004,1
410079512001,1
410079512002,1
410079512003,1
410079513001,1
410079513002,1
410079900000,1
410099702011,1
410099702012,1
410099702013,1
410099702021,1
410099702022,1
410099702023,1
410099703001,1
410099703002,1
410099703003,1
410099703004,1
410099703005,1
410099704001,1
410099704002,1
410099705001,1
410099705002,1
410099705003,1
410099705004,1
410099705005,1
410099706001,1
410099706002,1
410099706003,1
410099706004,1
410099707001,1
410099707002,1
410099707003,1
410099707004,1
410099708001,1
410099708002,1
410099708003,1
410099708004,1
410099709001,1
410099709002,1
410099709003,1
410099709004,1
410099710001,1
410099710002,1
410099710003,1
410099711001,1
410099711002,1
410099711003,1
410110001011,2
410110001012,2
410110001021,2
410110001022,2
410110001031,2
410110001032,2
410110001033,2
410110002001,2
410110002002,2
410110002003,2
410110003001,2
410110003002,2
410110003003,2
410110003004,2
410110004011,2
410110004012,2
410110004013,2
410110004021,2
410110004022,2
410110004023,2
410110005021,2
410110005022,2
410110005023,2
410110005031,2
410110005032,2
410110005051,2
410110005052,2
410110005053,2
410110005054,2
410110005061,2
410110005062,2
410110006001,2
410110006002,2
410110006003,2
410110007011,2
410110007012,2
410110007013,2
410110007014,2
410110007015,2
410110007021,2
410110007022,2
410110007023,2
410110008001,2
410110008002,2
410110009011,2
410110009012,2
410110009013,2
410110009014,2
410110009021,2
410110009022,2
410110009023,2
410110009024,2
410110010011,2
410110010012,2
410110010013,2
410110010021,2
410110010022,2
410110010023,2
410110010024,2
410110011011,2
410110011012,2
410110011013,2
410110011021,2
410110011022,2
410110011023,2
410110011024,2
410119901010,2
410139501011,3
410139501012,3
410139501013,3
410139501021,3
410139501022,3
410139501023,3
410139502001,3
410139502002,3
410139502003,3
410139502004,3
410139503011,3
410139503012,3
410139503013,3
410139503021,3
410139503022,3
410139503023,3
410139504011,3
410139504012,3
410139504021,3
410139504022,3
410159501001,2
410159501002,2
410159501003,2
410159502011,2
410159502012,2
410159502021,2
410159502022,2
410159503011,2
410159503012,2
410159503013,2
410159503014,2
410159503021,2
410159503022,2
410159503023,2
410159503024,2
410159504011,2
410159504012,2
410159504013,2
410159504021,2
410159504022,2
410159901010,2
410170001001,3
410170002011,3
410170002012,3
410170002021,3
410170002022,3
410170002023,3
410170003011,3
410170003012,3
410170003013,3
410170003014,3
410170003021,3
410170003022,3
410170003023,3
410170004011,3
410170004012,3
410170004013,3
410170004031,3
410170004041,3
410170005011,3
410170005012,3
410170005013,3
410170005021,3
410170005022,3
410170005023,3
410170006011,3
410170006021,3
410170006022,3
410170006031,3
410170006032,3
410170007011,3
410170007012,3
410170007021,3
410170007022,3
410170007023,3
410170008001,3
410170008002,3
410170008003,3
410170008004,3
410170008005,3
410170009011,3
410170009012,3
410170009021,3
410170009022,3
410170010021,3
410170010022,3
410170010031,3
410170010032,3
410170010033,3
410170010041,3
410170010042,3
410170010043,3
410170010051,3
410170010052,3
410170011011,3
410170011012,3
410170011013,3
410170011021,3
410170011022,3
410170011023,3
410170012001,3
410170012002,3
410170012003,3
410170012004,3
410170013011,3
410170013012,3
410170013013,3
410170013021,3
410170013022,3
410170013023,3
410170013024,3
410170014011,3
410170014012,3
410170014013,3
410170014021,3
410170014022,3
410170015011,3
410170015012,3
410170015013,3
410170015021,3
410170015022,3
410170016011,3
410170016012,3
410170016021,3
410170016022,3
410170017011,3
410170017012,3
410170017013,3
410170017021,3
410170017022,3
410170018011,3
410170018012,3
410170018013,3
410170018021,3
410170018022,3
410170018023,3
410170019011,3
410170019031,3
410170019032,3
410170019033,3
410170019041,3
410170019042,3
410170019043,3
410170020011,3
410170020021,3
410170020022,3
410170020023,3
410170021011,3
410170021012,3
410170021013,3
410170021021,3
410170021031,3
410170021032,3
410190100001,2
410190100002,2
410190200001,2
410190200002,2
410190200003,2
410190200004,2
410190300001,2
410190300002,2
410190300003,2
410190400001,2
410190400002,2
410190400003,2
410190500011,2
410190500012,2
410190500013,2
410190500014,2
410190500031,2
410190500032,2
410190500041,2
410190500042,2
410190500043,2
410190600001,2
410190600002,2
410190600003,2
410190700001,2
410190700002,2
410190700003,2
410190800011,2
410190800012,2
410190800021,2
410190800022,2
410190800023,2
410190800024,2
410190900011,2
410190900012,2
410190900013,2
410190900014,2
410190900021,2
410191000001,2
410191000002,2
410191000003,2
410191100001,2
410191100002,2
410191100003,2
410191200011,2
410191200012,2
410191200021,2
410191200022,2
410191200023,2
410191200024,2
410191200025,2
410191300011,2
410191300012,2
410191300021,2
410191300022,2
410191300023,2
410191400001,2
410191400002,2
410191400003,2
410191400004,2
410191400005,2
410191500011,2
410191500012,2
410191500013,2
410191500021,2
410191500022,2
410191600011,2
410191600012,2
410191600013,2
410191600021,2
410191600022,2
410191600023,2
410191700001,2
410191700002,2
410191700003,2
410191800001,2
410191800002,2
410191800003,2
410191800004,2
410191800005,2
410191900001,2
410191900002,2
410191900003,2
410191900004,2
410192000001,2
410192000002,2
410192000003,2
410192000004,2
410192100001,2
410192100002,2
410192100003,2
410192100004,2
410192100005,2
410199900000,2
410219601001,3
410219601002,3
410239601001,3
410239601002,3
410239601003,3
410239602011,3
410239602012,3
410239602021,3
410239602022,3
410239602023,3
410259601011,3
410259601012,3
410259601021,3
410259601022,3
410259601023,3
410259602001,3
410259602002,3
410279501001,3
410279501002,3
410279501003,3
410279501004,3
410279502011,3
410279502012,3
410279502013,3
410279502021,3
410279502022,3
410279503011,3
410279503012,3
410279503013,3
410279503021,3
410279503022,3
410279503023,3
410279504001,3
410279504002,3
410279504003,3
410279504004,3
410290001001,2
410290001002,2
410290002011,2
410290002012,2
410290002013,2
410290002021,2
410290002022,2
410290002023,2
410290002031,2
410290002032,2
410290002033,2
410290003001,2
410290003002,2
410290003003,2
410290003004,2
410290004031,2
410290004032,2
410290004033,2
410290004041,2
410290004042,2
410290004051,2
410290004052,2
410290004061,2
410290004062,2
410290004063,2
410290005011,2
410290005012,2
410290005021,2
410290005022,2
410290005023,2
410290005024,2
410290006031,2
410290006032,2
410290006041,2
410290006042,2
410290006051,2
410290006052,2
410290006053,2
410290006061,2
410290007011,2
410290007012,2
410290007021,2
410290007022,2
410290007023,2
410290008001,2
410290008002,2
410290008003,2
410290008004,2
410290009011,2
410290009012,2
410290009013,2
410290009021,2
410290009022,2
410290009023,2
410290010011,2
410290010012,2
410290010013,2
410290010014,2
410290010021,2
410290010022,2
410290010023,2
410290010024,2
410290011001,2
410290011002,2
410290011003,2
410290011004,2
410290012001,2
410290012002,2
410290012003,2
410290013011,2
410290013012,2
410290013013,2
410290013031,2
410290013032,2
410290013033,2
410290013034,2
410290013041,2
410290013042,2
410290013043,2
410290013044,2
410290014011,2
410290014012,2
410290014013,2
410290014021,2
410290014031,2
410290014032,2
410290015001,2
410290015002,2
410290015003,2
410290015004,2
410290016011,2
410290016012,2
410290016013,2
410290016021,2
410290016022,2
410290016023,2
410290016024,2
410290016025,2
410290017011,2
410290017012,2
410290017021,2
410290017022,2
410290018011,2
410290018012,2
410290018013,2
410290018014,2
410290018021,2
410290018022,2
410290018023,2
410290019001,2
410290019002,2
410290020001,2
410290020002,2
410290021001,2
410290021002,2
410290021003,2
410290022001,2
410290022002,2
410290022003,2
410290022004,2
410290023001,2
410290023002,2
410290024001,2
410290024002,2
410290025001,2
410290025002,2
410290025003,2
410290026001,2
410290026002,2
410290027011,2
410290027012,2
410290027021,2
410290027022,2
410290027023,2
410290028001,2
410290028002,2
410290028003,2
410290029011,2
410290029012,2
410290029013,2
410290029021,2
410290029022,2
410290029023,2
410290030011,2
410290030012,2
410290030013,2
410290030014,2
410290030021,2
410290030022,2
410290030023,2
410319400001,3
410319400002,3
410319601001,3
410319601002,3
410319602011,3
410319602012,3
410319602021,3
410319602022,3
410319602023,3
410319602024,3
410319603011,3
410319603012,3
410319603013,3
410319603014,3
410319603031,3
410319603032,3
410319603041,3
410319603051,3
410319603052,3
410333601001,2
410333601002,2
410333603001,2
410333603002,2
410333603003,2
410333603004,2
410333604001,2
410333604002,2
410333604003,2
410333605001,2
410333605002,2
410333605003,2
410333605004,2
410333605005,2
410333606011,2
410333606012,2
410333606013,2
410333606021,2
410333606022,2
410333606023,2
410333607011,2
410333607012,2
410333607013,2
410333607014,2
410333607031,2
410333607032,2
410333607041,2
410333607042,2
410333608001,2
410333608002,2
410333608003,2
410333608004,2
410333609001,2
410333609002,2
410333610001,2
410333610002,2
410333610003,2
410333610004,2
410333611011,2
410333611012,2
410333611013,2
410333611014,2
410333611021,2
410333611022,2
410333611023,2
410333612011,2
410333612012,2
410333612013,2
410333612021,2
410333612022,2
410333613011,2
410333613012,2
410333613021,2
410333613022,2
410333614001,2
410333614002,2
410333615001,2
410333615002,2
410333616011,2
410333616012,2
410333616013,2
410333616014,2
410333616021,2
410333616022,2
410333616023,2
410359701001,3
410359701002,3
410359701003,3
410359701004,2
410359702011,2
410359702012,2
410359702021,2
410359702022,2
410359702023,2
410359703001,2
410359703002,2
410359703003,2
410359703004,2
410359704001,2
410359705001,2
410359705002,2
410359706001,2
410359707001,2
410359707002,2
410359708001,2
410359708002,2
410359709011,2
410359709012,2
410359709021,2
410359709022,2
410359710001,2
410359710002,2
410359711001,2
410359711002,2
410359711003,2
410359711004,2
410359712001,2
410359712002,2
410359712003,2
410359713001,2
410359713002,2
410359713003,2
410359713004,2
410359713005,2
410359713006,2
410359714001,2
410359714002,2
410359714003,2
410359714004,2
410359714005,2
410359715001,2
410359715002,2
410359715003,2
410359715004,2
410359715005,2
410359716001,2
410359716002,2
410359716003,2
410359716004,2
410359717001,2
410359717002,2
410359717003,2
410359717004,2
410359718001,2
410359718002,2
410359718003,2
410359719001,2
410359719002,2
410359719003,2
410359719004,2
410359719005,2
410359720001,2
410359720002,2
410359720003,2
410359720004,2
410379601001,3
410379601002,3
410379601003,3
410379602001,3
410379602002,3
410379602003,3
410379602004,3
410379602005,3
410379602006,3
410379602007,3
410390001001,3
410390001002,3
410390001003,6
410390001004,6
410390001005,6
410390002001,6
410390002002,6
410390002003,6
410390002004,6
410390003001,6
410390003002,6
410390004021,6
410390004022,6
410390004023,6
410390004031,6
410390004032,6
410390004033,6
410390004034,6
410390004041,6
410390004042,6
410390004043,6
410390005001,2
410390005002,6
410390005003,6
410390007021,2
410390007022,2
410390007051,2
410390007052,2
410390007053,2
410390007061,6
410390007062,6
410390007071,6
410390007072,2
410390007073,2
410390007081,6
410390007082,6
410390008001,2
410390008002,2
410390009021,6
410390009022,6
410390009023,6
410390009024,6
410390009031,2
410390009032,6
410390009033,6
410390009034,6
410390009041,2
410390009042,6
410390010011,6
410390010012,6
410390010021,2
410390010022,2
410390010023,2
410390011011,2
410390011012,2
410390011013,2
410390011014,2
410390011021,2
410390011022,2
410390011023,2
410390012011,2
410390012012,2
410390012013,2
410390012021,2
410390012022,2
410390012023,2
410390013011,2
410390013012,2
410390013013,2
410390013021,2
410390013022,2
410390013023,2
410390014001,2
410390014002,2
410390015001,2
410390015002,2
410390015003,2
410390015004,2
410390016001,2
410390016002,2
410390016003,2
410390016004,2
410390016005,2
410390017001,2
410390017002,2
410390017003,2
410390017004,2
410390018011,2
410390018012,2
410390018013,2
410390018031,6
410390018032,6
410390018033,6
410390018041,6
410390018042,6
410390019021,2
410390019022,6
410390019023,6
410390019024,6
410390019031,6
410390019032,6
410390019041,2
410390019042,2
410390019043,2
410390020011,6
410390020012,6
410390020021,6
410390020022,6
410390020023,6
410390021011,6
410390021012,6
410390021031,6
410390021032,6
410390021041,6
410390021042,6
410390022011,6
410390022012,6
410390022031,6
410390022032,6
410390022033,6
410390022041,6
410390022042,6
410390023011,6
410390023012,6
410390023013,6
410390023021,6
410390023022,6
410390023023,6
410390024011,6
410390024012,6
410390024013,6
410390024031,6
410390024032,6
410390024033,6
410390024041,6
410390024042,6
410390025011,6
410390025012,6
410390025013,6
410390025041,6
410390025042,6
410390025051,6
410390025052,6
410390025061,6
410390025062,6
410390026001,6
410390026002,6
410390026003,6
410390026004,6
410390027001,6
410390027002,6
410390028001,6
410390028002,6
410390028003,6
410390029021,6
410390029022,6
410390029023,6
410390029031,6
410390029032,6
410390029041,6
410390029042,6
410390029043,6
410390030001,6
410390030002,6
410390030003,6
410390031011,6
410390031012,6
410390031013,6
410390031014,6
410390031031,6
410390031032,6
410390031041,6
410390031042,6
410390031043,6
410390031044,6
410390032011,6
410390032012,6
410390032021,6
410390032022,6
410390032023,6
410390033011,6
410390033012,6
410390033013,6
410390033021,6
410390033022,6
410390033023,6
410390034001,6
410390034002,6
410390034003,6
410390034004,6
410390035001,2
410390035002,2
410390035003,2
410390035004,2
410390036001,2
410390036002,2
410390036003,2
410390037001,6
410390037002,6
410390038011,6
410390038012,6
410390038013,6
410390038021,6
410390038022,6
410390038023,6
410390039001,6
410390039002,6
410390039003,6
410390040001,6
410390040002,6
410390040003,6
410390041001,6
410390041002,6
410390041003,6
410390041004,6
410390042001,6
410390042002,6
410390042003,6
410390043001,6
410390043002,6
410390043003,6
410390043004,6
410390043005,6
410390044031,6
410390044032,6
410390044033,6
410390044034,6
410390044041,2
410390044042,2
410390044043,2
410390044051,2
410390044052,2
410390044053,2
410390044061,6
410390044062,6
410390044071,6
410390044072,6
410390045011,6
410390045012,6
410390045013,6
410390045021,6
410390045022,6
410390045023,6
410390046001,2
410390046002,2
410390046003,2
410390047001,2
410390047002,2
410390047003,2
410390047004,2
410390048001,2
410390048002,2
410390048003,2
410390049001,2
410390049002,2
410390049003,2
410390050001,2
410390050002,2
410390050003,2
410390050004,2
410390051001,2
410390051002,2
410390052001,2
410390052002,2
410390053001,2
410390053002,2
410390054001,2
410390054002,2
410390054003,2
410390054004,2
410399900000,6
410419501001,6
410419501002,6
410419503031,6
410419503032,6
410419503041,6
410419503042,6
410419503043,6
410419504011,6
410419504012,6
410419504021,6
410419504022,6
410419506011,6
410419506012,6
410419506013,6
410419506021,6
410419506022,6
410419506023,6
410419508001,6
410419508002,6
410419508003,6
410419509001,6
410419509002,6
410419509003,6
410419509004,6
410419510001,6
410419510002,6
410419511001,6
410419511002,6
410419512001,6
410419512002,6
410419513001,6
410419513002,6
410419514001,6
410419514002,6
410419515001,6
410419515002,6
410419515003,6
410419515004,6
410419516001,6
410419516002,6
410419516003,6
410419517001,6
410419517002,6
410419518001,6
410419518002,6
410419518003,6
410419901000,6
410430201011,6
410430201012,6
410430201013,6
410430201021,6
410430201031,6
410430202001,6
410430203001,6
410430203002,6
410430203003,6
410430203004,6
410430203005,6
410430203006,6
410430204001,6
410430204002,6
410430204003,6
410430204004,6
410430205001,6
410430205002,6
410430205003,6
410430206011,6
410430206012,6
410430206013,6
410430206021,6
410430206022,6
410430206023,6
410430207001,6
410430207002,6
410430207003,6
410430208011,6
410430208012,6
410430208021,6
410430208022,6
410430208023,6
410430208024,6
410430301001,6
410430301002,6
410430301003,6
410430301004,6
410430301005,6
410430302011,3
410430302012,3
410430302013,3
410430302014,6
410430302021,4
410430302022,6
410430303001,3
410430303002,6
410430303003,3
410430304011,6
410430304012,6
410430304013,6
410430304014,6
410430304015,6
410430304031,6
410430304032,6
410430304033,6
410430304041,6
410430304042,6
410430304043,6
410430305001,6
410430305002,6
410430305003,6
410430306001,6
410430306002,6
410430306003,6
410430306004,6
410430306005,6
410430307001,6
410430307002,6
410430307003,6
410430307004,6
410430308011,6
410430308012,6
410430308013,6
410430308021,6
410430308022,6
410430308023,6
410430309031,6
410430309032,6
410430309033,6
410430309034,6
410430309041,6
410430309042,6
410430309043,6
410430309051,6
410430309052,6
410430309061,6
410430309062,6
410430309063,6
410459400001,3
410459702001,3
410459702002,3
410459702003,3
410459702004,3
410459703001,3
410459703002,3
410459703003,3
410459703004,3
410459703005,3
410459704001,3
410459704002,3
410459704003,3
410459704004,3
410459704005,3
410459705001,3
410459705002,3
410459705003,3
410459705004,3
410459705005,3
410459705006,3
410459706001,3
410459706002,3
410459706003,3
410459706004,3
410459706005,3
410459707001,3
410459709001,3
410459709002,3
410459709003,3
410459709004,3
410470002001,4
410470002002,4
410470002003,4
410470003001,4
410470003002,4
410470003003,4
410470003004,4
410470004001,4
410470004002,4
410470004003,4
410470005011,4
410470005012,4
410470005021,4
410470005022,4
410470005023,4
410470006001,4
410470006002,4
410470006003,4
410470007021,4
410470007022,4
410470007031,4
410470009001,4
410470009002,4
410470009003,4
410470009004,4
410470009005,4
410470009006,4
410470010001,6
410470010002,6
410470010003,6
410470011001,6
410470011002,6
410470011003,6
410470012001,6
410470012002,6
410470013001,6
410470013002,6
410470013003,6
410470014011,4
410470014012,4
410470014013,4
410470014021,4
410470014022,4
410470014023,4
410470015011,4
410470015012,4
410470015013,4
410470015021,4
410470015022,4
410470015023,4
410470015031,4
410470015032,4
410470015033,4
410470016011,4
410470016012,4
410470016013,4
410470016014,4
410470016015,4
410470016031,4
410470016032,4
410470016033,4
410470016034,4
410470016051,4
410470016052,4
410470016061,4
410470016062,4
410470016063,4
410470016071,4
410470016072,4
410470016081,4
410470016082,4
410470017011,4
410470017012,4
410470017013,4
410470017021,4
410470017022,4
410470017023,4
410470017031,4
410470017032,4
410470017033,4
410470018011,4
410470018012,4
410470018013,4
410470018014,4
410470018021,4
410470018022,4
410470018023,4
410470018024,4
410470018025,4
410470018031,4
410470018032,6
410470020011,6
410470020012,6
410470020021,6
410470020022,6
410470021011,6
410470021012,6
410470021021,6
410470021022,6
410470021023,6
410470021024,6
410470022011,6
410470022012,6
410470022021,6
410470022022,6
410470022023,6
410470023011,6
410470023012,6
410470023031,6
410470023032,6
410470023033,6
410470023041,6
410470023042,6
410470023043,6
410470023044,6
410470024001,6
410470024002,6
410470025021,4
410470025022,4
410470025023,4
410470025031,4
410470025032,4
410470025033,4
410470025041,4
410470025042,4
410470025043,4
410470026001,4
410470026002,4
410470027011,6
410470027012,6
410470027013,6
410470027021,4
410470027022,4
410470028001,6
410470028002,6
410470101001,4
410470102011,4
410470102012,4
410470102021,4
410470102022,4
410470102023,4
410470102024,4
410470103031,4
410470103032,4
410470103041,4
410470103042,4
410470103043,4
410470103044,4
410470103051,4
410470103052,4
410470103053,4
410470103071,4
410470103072,4
410470103073,4
410470103074,4
410470103081,4
410470103082,4
410470103091,4
410470103092,4
410470103093,4
410470103094,4
410470104001,4
410470104002,4
410470104003,4
410470104004,4
410470104005,4
410470105011,4
410470105012,3
410470105013,4
410470105014,4
410470105021,4
410470105022,4
410470105023,4
410470105024,4
410470105031,4
410470105032,4
410470105033,4
410470106001,3
410470106002,3
410470107011,6
410470107012,6
410470107013,6
410470107014,6
410470107015,6
410470107021,4
410470107022,6
410470107023,4
410470108011,6
410470108012,6
410470108013,6
410470108014,6
410470108015,6
410470108021,6
410470108022,6
410470108023,6
410470108024,6
410499701011,3
410499701012,3
410499701013,3
410499701021,3
410499701022,3
410499702001,3
410499702002,3
410499702003,3
410499702004,3
410499702005,3
410510001011,5
410510001012,5
410510001013,5
410510001021,5
410510001022,5
410510001023,5
410510001024,5
410510002011,5
410510002012,5
410510002021,5
410510002022,5
410510003011,5
410510003012,5
410510003013,5
410510003014,5
410510003021,5
410510003022,5
410510003023,5
410510003024,5
410510003025,5
410510003026,5
410510004011,5
410510004012,5
410510004013,5
410510004014,5
410510004021,5
410510004022,5
410510004023,5
410510005011,5
410510005012,5
410510005013,5
410510005014,5
410510005021,5
410510005022,5
410510005023,5
410510005024,5
410510005025,5
410510006011,5
410510006012,5
410510006013,5
410510006014,5
410510006021,5
410510006022,5
410510006023,5
410510006024,5
410510007011,5
410510007012,5
410510007013,5
410510007014,5
410510007021,5
410510007022,5
410510007023,5
410510007024,5
410510008011,5
410510008012,5
410510008013,5
410510008014,5
410510008021,5
410510008022,5
410510008023,5
410510008024,5
410510009011,5
410510009012,5
410510009013,5
410510009014,5
410510009021,5
410510009022,5
410510009023,5
410510010001,5
410510010002,5
410510010003,5
410510010004,5
410510010005,5
410510011011,5
410510011012,5
410510011021,5
410510011022,5
410510012021,5
410510012022,5
410510012023,5
410510012031,5
410510012032,5
410510012041,5
410510012042,5
410510013011,5
410510013012,5
410510013013,5
410510013014,5
410510013021,5
410510013022,5
410510013023,5
410510014001,5
410510014002,5
410510014003,5
410510014004,5
410510014005,5
410510015001,5
410510015002,5
410510015003,5
410510016011,5
410510016012,5
410510016013,5
410510016014,5
410510016015,5
410510016016,5
410510016021,5
410510016022,5
410510016023,5
410510016024,5
410510017021,5
410510017022,5
410510017023,5
410510017031,5
410510017032,5
410510017033,5
410510017034,5
410510017041,5
410510017042,5
410510017043,5
410510018011,5
410510018012,5
410510018013,5
410510018021,5
410510018022,5
410510019001,5
410510019002,5
410510019003,5
410510019004,5
410510020011,5
410510020012,5
410510020013,5
410510020021,5
410510020022,5
410510020023,5
410510021011,5
410510021012,5
410510021021,5
410510021022,5
410510021023,5
410510022031,5
410510022032,5
410510022033,5
410510022034,5
410510023031,5
410510023032,5
410510023033,5
410510024011,5
410510024012,5
410510024013,5
410510024021,5
410510024022,5
410510024023,5
410510025011,5
410510025012,5
410510025013,5
410510025014,5
410510025015,5
410510025016,5
410510025021,5
410510025022,5
410510025023,5
410510025024,5
410510026001,5
410510026002,5
410510026003,5
410510027011,5
410510027012,5
410510027013,5
410510027021,5
410510027022,5
410510028011,5
410510028012,5
410510028021,5
410510028022,5
410510028023,5
410510029011,5
410510029012,5
410510029013,5
410510029014,5
410510029021,5
410510029022,5
410510029023,5
410510029024,5
410510029025,5
410510029031,5
410510029032,5
410510029033,5
410510029034,5
410510030001,5
410510030002,5
410510030003,5
410510030004,5
410510031001,5
410510031002,5
410510031003,5
410510031004,5
410510032001,5
410510032002,5
410510032003,5
410510032004,5
410510033011,5
410510033012,5
410510033013,5
410510033021,5
410510033022,5
410510034011,5
410510034012,5
410510034013,5
410510034014,5
410510034021,5
410510034022,5
410510034023,5
410510035011,5
410510035012,1
410510035013,1
410510035014,5
410510035021,5
410510035022,1
410510036011,5
410510036012,5
410510036013,5
410510036014,5
410510036021,5
410510036022,5
410510036023,5
410510036024,5
410510036031,5
410510036032,5
410510037011,5
410510037012,5
410510037013,5
410510037014,5
410510037021,5
410510037022,5
410510037023,5
410510038011,1
410510038012,1
410510038013,1
410510038021,5
410510038022,1
410510038023,1
410510038031,1
410510038032,5
410510038033,1
410510039021,1
410510039022,1
410510039023,1
410510039024,1
410510039031,1
410510039032,1
410510039041,1
410510039042,1
410510039043,1
410510040021,1
410510040022,1
410510040023,1
410510040024,1
410510040031,1
410510040032,1
410510040033,1
410510040034,1
410510040035,1
410510041021,1
410510041022,1
410510041023,1
410510041024,1
410510041031,1
410510041032,1
410510041033,1
410510041041,1
410510041042,1
410510042001,1
410510042002,1
410510042003,1
410510043001,1
410510045001,1
410510045002,1
410510046011,1
410510046012,1
410510046021,1
410510046022,1
410510047001,1
410510047002,1
410510047003,1
410510048001,1
410510048002,1
410510048003,1
410510049011,1
410510049012,1
410510049013,1
410510049021,1
410510049022,1
410510050011,5
410510050012,5
410510050021,5
410510050022,1
410510051011,5
410510051012,5
410510051013,5
410510051021,5
410510051022,5
410510051023,5
410510051024,5
410510051031,5
410510051032,5
410510051033,5
410510052011,5
410510052012,5
410510052013,5
410510052021,1
410510052022,1
410510052023,1
410510055001,5
410510055002,5
410510055003,5
410510056011,5
410510056012,5
410510056013,5
410510056021,5
410510056022,5
410510056023,5
410510057011,5
410510057021,5
410510057022,5
410510057023,5
410510057024,5
410510058001,5
410510058002,5
410510058003,5
410510058004,1
410510058005,1
410510059011,5
410510059012,5
410510059021,5
410510059022,5
410510059023,5
410510059031,5
410510059032,5
410510059033,5
410510060011,5
410510060012,5
410510060021,5
410510061001,1
410510061002,5
410510062001,5
410510062002,5
410510062003,5
410510063001,5
410510063002,5
410510063003,5
410510064021,4
410510064022,4
410510064023,4
410510064024,4
410510064031,4
410510064032,4
410510064033,4
410510064041,4
410510064042,4
410510065011,4
410510065012,4
410510065013,1
410510065021,4
410510065022,4
410510065023,4
410510066011,1
410510066012,1
410510066021,5
410510066022,1
410510066023,1
410510066024,1
410510067011,1
410510067012,1
410510067021,1
410510067022,1
410510068011,1
410510068021,1
410510068022,1
410510069001,1
410510069002,1
410510070011,1
410510070012,1
410510070021,1
410510070022,1
410510070023,1
410510071001,1
410510071002,1
410510071003,1
410510072011,1
410510072012,5
410510072021,5
410510072022,5
410510072023,1
410510073001,5
410510074001,5
410510074002,5
410510075001,5
410510075002,5
410510075003,5
410510076001,5
410510076002,5
410510077001,5
410510077002,5
410510078001,5
410510078002,5
410510079001,5
410510079002,5
410510080011,5
410510080012,5
410510080021,5
410510080022,5
410510081001,5
410510081002,5
410510081003,5
410510081004,5
410510081005,5
410510081006,5
410510082011,5
410510082012,5
410510082013,5
410510082031,5
410510082032,5
410510082033,5
410510082041,5
410510083011,5
410510083012,5
410510083013,5
410510083021,5
410510083022,5
410510084001,5
410510084002,5
410510084003,5
410510085001,5
410510085002,5
410510085003,5
410510086001,5
410510086002,5
410510087001,5
410510087002,5
410510087003,5
410510088001,5
410510088002,5
410510088003,5
410510089021,5
410510089022,5
410510089023,5
410510089031,5
410510089032,5
410510089033,5
410510089041,5
410510089042,5
410510089043,5
410510090011,5
410510090012,5
410510090013,5
410510090014,5
410510090021,5
410510090022,5
410510090023,5
410510091011,5
410510091012,5
410510091013,5
410510091021,5
410510091022,5
410510091023,5
410510091024,5
410510092021,5
410510092022,5
410510092023,5
410510092031,5
410510092032,5
410510092041,5
410510092042,5
410510092043,5
410510093011,5
410510093012,5
410510093013,5
410510093021,5
410510093022,5
410510093023,5
410510094001,5
410510094002,5
410510094003,5
410510094004,5
410510094005,5
410510095011,5
410510095012,5
410510095013,5
410510095021,5
410510095022,5
410510095023,5
410510096031,5
410510096032,5
410510096041,5
410510096042,5
410510096043,5
410510096051,5
410510096052,5
410510096053,5
410510096061,5
410510096062,5
410510096063,5
410510097011,5
410510097012,5
410510097013,5
410510097014,5
410510097031,5
410510097032,5
410510097033,5
410510097041,5
410510097042,5
410510098011,3
410510098012,5
410510098031,5
410510098032,5
410510098033,5
410510098034,5
410510098041,5
410510098042,5
410510099031,3
410510099032,3
410510099033,5
410510099034,3
410510099041,3
410510099042,3
410510099043,3
410510099051,3
410510099052,3
410510099061,3
410510099062,3
410510099071,3
410510099072,3
410510099073,3
410510099074,3
410510100011,3
410510100012,3
410510100013,3
410510100014,3
410510100021,3
410510100022,3
410510101011,3
410510101012,3
410510101013,3
410510101021,3
410510101022,3
410510101023,3
410510102001,3
410510102002,5
410510102003,5
410510103031,3
410510103032,3
410510103033,3
410510103041,3
410510103042,3
410510103051,3
410510103052,3
410510103053,3
410510103061,3
410510103062,3
410510103063,3
410510104021,3
410510104022,3
410510104023,3
410510104051,3
410510104052,3
410510104053,3
410510104054,3
410510104071,3
410510104072,3
410510104073,3
410510104081,3
410510104082,3
410510104083,3
410510104084,3
410510104101,3
410510104102,3
410510104103,3
410510104111,3
410510104112,3
410510104121,3
410510104122,3
410510104131,3
410510104132,3
410510105001,3
410510105002,3
410510105003,3
410510105004,3
410510106011,5
410510106012,5
410510106021,5
410510106022,5
410519800001,1
410530051001,4
410530051002,6
410530052031,6
410530052032,6
410530052033,6
410530052041,6
410530052042,6
410530052051,4
410530052052,4
410530052053,4
410530052061,4
410530053011,6
410530053012,4
410530053013,4
410530053014,6
410530053021,6
410530053022,4
410530202021,6
410530202022,6
410530202023,6
410530202031,6
410530202032,6
410530202033,6
410530202041,6
410530202042,6
410530202043,6
410530203031,6
410530203032,6
410530203041,6
410530203042,6
410530203043,6
410530203044,6
410530203051,6
410530203052,6
410530203053,6
410530203054,6
410530203055,6
410530203061,6
410530203062,6
410530204001,6
410530204002,6
410530204003,6
410530204004,6
410530204005,6
410530205001,6
410530205002,6
410530205003,6
410530205004,6
410559501001,3
410559501002,3
410579601011,1
410579601012,1
410579601013,1
410579601021,1
410579601022,1
410579602001,1
410579602002,1
410579602003,1
410579603001,1
410579603002,1
410579604011,1
410579604012,1
410579604013,1
410579604021,1
410579604022,1
410579604023,1
410579604024,1
410579605001,1
410579605002,1
410579605003,1
410579606001,1
410579606002,1
410579606003,1
410579607001,1
410579607002,1
410579607003,1
410579608001,6
410579608002,6
410579608003,6
410579901000,1
410599400001,3
410599400002,3
410599501001,3
410599501002,3
410599501003,3
410599501004,3
410599502011,3
410599502012,3
410599502013,3
410599502021,3
410599502022,3
410599502023,3
410599502024,3
410599503001,3
410599503002,3
410599503003,3
410599504001,3
410599504002,3
410599504003,3
410599504004,3
410599504005,3
410599504006,3
410599505001,3
410599505002,3
410599505003,3
410599506011,3
410599506012,3
410599506013,3
410599506021,3
410599506022,3
410599507001,3
410599507002,3
410599507003,3
410599508001,3
410599508002,3
410599508003,3
410599508004,3
410599509001,3
410599509002,3
410599509003,3
410599510001,3
410599510002,3
410599510003,3
410599510004,3
410599510005,3
410599511001,3
410599511002,3
410599511003,3
410599511004,3
410599511005,3
410599512011,3
410599512012,3
410599512013,3
410599512014,3
410599512021,3
410599512022,3
410599512023,3
410599513001,3
410599513002,3
410599513003,3
410599513004,3
410599514001,3
410599514002,3
410619701001,3
410619701002,3
410619701003,3
410619701004,3
410619702001,3
410619702002,3
410619702003,3
410619703001,3
410619703002,3
410619704001,3
410619704002,3
410619704003,3
410619705001,3
410619705002,3
410619705003,3
410619706001,3
410619706002,3
410619706003,3
410619706004,3
410619707001,3
410619707002,3
410619707003,3
410619708001,3
410619708002,3
410619708003,3
410619708004,3
410639601001,3
410639601002,3
410639602001,3
410639602002,3
410639603001,3
410639603002,3
410639603003,3
410639603004,3
410659701001,3
410659701002,3
410659701003,3
410659702001,3
410659702002,3
410659702003,3
410659703001,3
410659703002,3
410659703003,3
410659704001,3
410659704002,3
410659705001,3
410659705002,3
410659705003,3
410659706001,3
410659706002,3
410659707001,3
410659707002,3
410659708001,3
410659708002,3
410659708003,3
410659708004,3
410670301031,1
410670301032,1
410670301033,1
410670301041,1
410670301042,1
410670301043,1
410670301051,1
410670301052,1
410670301053,1
410670301061,1
410670301062,1
410670302001,1
410670302002,1
410670302003,1
410670302004,1
410670303001,1
410670303002,1
410670303003,1
410670303004,1
410670304011,1
410670304012,1
410670304013,1
410670304021,1
410670304022,1
410670304023,1
410670305011,1
410670305012,1
410670305013,1
410670305014,1
410670305021,1
410670305022,1
410670305023,1
410670306001,4
410670306002,4
410670306003,4
410670306004,4
410670307001,4
410670307002,4
410670308011,4
410670308012,4
410670308013,4
410670308014,4
410670308031,4
410670308032,4
410670308033,4
410670308034,4
410670308051,4
410670308052,4
410670308053,4
410670308061,4
410670308062,4
410670309001,4
410670309002,4
410670309003,4
410670310051,1
410670310052,1
410670310053,1
410670310054,1
410670310071,1
410670310072,1
410670310081,1
410670310082,1
410670310083,1
410670310084,1
410670310091,1
410670310092,1
410670310093,1
410670310101,1
410670310102,1
410670310111,1
410670310112,1
410670310113,1
410670310121,1
410670310122,1
410670311001,1
410670311002,1
410670312011,1
410670312012,1
410670312021,1
410670312022,1
410670312023,1
410670313011,1
410670313012,1
410670313021,1
410670313022,1
410670313023,1
410670314021,1
410670314022,1
410670314031,1
410670314032,1
410670314033,1
410670314041,1
410670314042,1
410670314043,1
410670314044,1
410670315041,1
410670315042,1
410670315043,1
410670315044,1
410670315061,1
410670315062,1
410670315071,1
410670315072,1
410670315073,1
410670315074,1
410670315091,1
410670315092,1
410670315093,1
410670315111,1
410670315112,1
410670315141,1
410670315142,1
410670315143,1
410670315144,1
410670315145,1
410670315151,1
410670315152,1
410670315153,1
410670315161,1
410670315162,1
410670315171,1
410670315172,1
410670315173,1
410670315181,1
410670315182,1
410670315191,1
410670315192,1
410670315193,1
410670315201,1
410670315202,1
410670315203,1
410670316061,1
410670316062,1
410670316063,1
410670316121,1
410670316122,1
410670316141,1
410670316142,1
410670316143,1
410670316151,1
410670316152,1
410670316153,1
410670316154,1
410670316161,1
410670316162,1
410670316163,1
410670316171,1
410670316172,1
410670316173,1
410670316181,1
410670316182,1
410670316183,1
410670316191,1
410670316192,1
410670316201,1
410670316202,1
410670316203,1
410670316211,1
410670316212,1
410670316213,1
410670316221,1
410670316222,1
410670316231,1
410670316232,1
410670316241,1
410670316242,1
410670316243,1
410670316251,1
410670316252,1
410670316253,1
410670316261,1
410670316262,1
410670317031,1
410670317032,1
410670317033,1
410670317051,1
410670317052,1
410670317053,1
410670317061,1
410670317062,1
410670317063,1
410670317064,1
410670317071,1
410670317072,1
410670317073,1
410670317081,1
410670317082,1
410670317083,1
410670318041,1
410670318042,1
410670318043,1
410670318061,1
410670318062,1
410670318063,1
410670318064,1
410670318071,1
410670318072,1
410670318131,1
410670318132,1
410670318133,1
410670318141,1
410670318142,1
410670318143,1
410670318161,1
410670318162,1
410670318163,1
410670318171,1
410670318172,1
410670318181,4
410670318182,4
410670318183,4
410670318191,4
410670318192,4
410670318201,1
410670318202,1
410670318211,1
410670318212,1
410670318213,1
410670319041,4
410670319042,4
410670319091,4
410670319092,4
410670319093,4
410670319111,4
410670319112,4
410670319121,4
410670319122,4
410670319123,4
410670319131,4
410670319141,4
410670319142,4
410670319143,4
410670319144,4
410670319151,4
410670319152,4
410670319161,4
410670319162,4
410670319171,4
410670319172,4
410670319181,4
410670319182,4
410670319183,4
410670320011,4
410670320012,4
410670320013,4
410670320014,4
410670320031,4
410670320032,4
410670320033,4
410670320041,4
410670320042,4
410670320051,4
410670320052,4
410670320053,4
410670320054,4
410670321041,4
410670321042,4
410670321043,4
410670321071,4
410670321081,4
410670321082,4
410670321083,4
410670321091,4
410670321092,4
410670321101,4
410670321102,4
410670321111,4
410670321112,4
410670321121,4
410670321122,4
410670321123,4
410670321124,4
410670322011,4
410670322012,4
410670322021,4
410670322022,4
410670322023,4
410670323011,1
410670323021,1
410670323022,1
410670323023,1
410670323024,1
410670324041,1
410670324042,1
410670324043,1
410670324044,1
410670324045,1
410670324071,1
410670324072,1
410670324091,1
410670324092,1
410670324101,1
410670324102,1
410670324103,1
410670324111,1
410670324112,1
410670324113,1
410670324121,1
410670324122,1
410670324123,1
410670324131,1
410670324132,1
410670324141,1
410670324142,1
410670324143,1
410670325011,1
410670325012,1
410670325013,1
410670325021,1
410670325022,1
410670325031,1
410670325032,1
410670326031,1
410670326032,1
410670326033,1
410670326034,1
410670326035,1
410670326041,1
410670326042,1
410670326043,1
410670326044,1
410670326045,1
410670326061,1
410670326062,1
410670326063,1
410670326064,1
410670326065,1
410670326081,1
410670326082,1
410670326091,1
410670326092,1
410670326101,1
410670326102,1
410670326111,1
410670326112,1
410670326121,1
410670326122,1
410670326123,1
410670326124,1
410670326125,1
410670327001,1
410670327002,1
410670327003,1
410670327004,1
410670328001,1
410670329011,1
410670329012,1
410670329013,1
410670329031,1
410670329032,1
410670329041,1
410670329042,1
410670329043,1
410670330001,1
410670330002,1
410670330003,1
410670330004,1
410670331011,1
410670331012,1
410670331021,1
410670331022,1
410670332011,1
410670332012,1
410670332013,1
410670332021,1
410670332022,1
410670333011,1
410670333012,1
410670333013,1
410670333014,1
410670333015,1
410670333021,1
410670333022,1
410670333023,1
410670334001,1
410670334002,1
410670335001,1
410670335002,1
410670335003,1
410670336001,1
410670336002,1
410670336003,1
410699601001,3
410699601002,3
410710301011,4
410710301012,4
410710301013,4
410710301021,4
410710301022,4
410710301023,4
410710301024,4
410710301025,4
410710302011,4
410710302012,4
410710302013,4
410710302014,4
410710302021,4
410710302022,4
410710302023,4
410710303021,4
410710303022,4
410710303031,4
410710303032,4
410710303033,4
410710303041,4
410710303042,4
410710303043,4
410710303044,4
410710304001,1
410710304002,1
410710304003,4
410710304004,4
410710304005,4
410710305011,4
410710305012,4
410710305013,4
410710305014,4
410710305021,6
410710305022,6
410710305023,6
410710305024,6
410710306011,4
410710306012,4
410710306013,4
410710306021,4
410710306022,4
410710306023,4
410710307021,4
410710307022,4
410710307023,4
410710307024,4
410710307031,4
410710307032,4
410710307041,4
410710307042,4
410710308011,4
410710308012,4
410710308013,4
410710308021,4
410710308022,4
410710309001,4
410710309002,4
410710310001,4
410710310002,4
